-- phpMyAdmin SQL Dump
-- version 3.5.8
-- http://www.phpmyadmin.net
--
-- Host: localhost
-- Generation Time: May 03, 2015 at 11:25 AM
-- Server version: 5.5.32
-- PHP Version: 5.4.17

SET SQL_MODE="NO_AUTO_VALUE_ON_ZERO";
SET time_zone = "+00:00";


/*!40101 SET @OLD_CHARACTER_SET_CLIENT=@@CHARACTER_SET_CLIENT */;
/*!40101 SET @OLD_CHARACTER_SET_RESULTS=@@CHARACTER_SET_RESULTS */;
/*!40101 SET @OLD_COLLATION_CONNECTION=@@COLLATION_CONNECTION */;
/*!40101 SET NAMES utf8 */;

--
-- Database: `839743`
--

-- --------------------------------------------------------

--
-- Table structure for table `item`
--

CREATE TABLE IF NOT EXISTS `item` (
  `itemId` int(11) NOT NULL AUTO_INCREMENT,
  `orderId` int(11) DEFAULT NULL,
  `productId` int(11) DEFAULT NULL,
  `productQuantity` int(11) DEFAULT NULL,
  PRIMARY KEY (`itemId`)
) ENGINE=InnoDB  DEFAULT CHARSET=utf8 COLLATE=utf8_unicode_ci AUTO_INCREMENT=24 ;

--
-- Dumping data for table `item`
--

INSERT INTO `item` (`itemId`, `orderId`, `productId`, `productQuantity`) VALUES
(1, 1, 9, 3),
(2, 1, 5, 1),
(3, 2, 4, 2),
(4, 3, 1, 1),
(5, 4, 41, 1),
(6, 4, 1, 1),
(7, 5, 42, 1),
(8, 5, 41, 1),
(9, 5, 37, 3),
(10, 6, 42, 1),
(11, 7, 42, 1),
(12, 8, 42, 1),
(13, 9, 41, 1),
(14, 9, 42, 1),
(15, 10, 42, 1),
(16, 11, 42, 1),
(17, 12, 41, 1),
(18, 12, 40, 1),
(19, 13, 42, 1),
(20, 13, 36, 2),
(21, 13, 28, 1),
(22, 14, 42, 1),
(23, 14, 38, 4);

-- --------------------------------------------------------

--
-- Table structure for table `orders`
--

CREATE TABLE IF NOT EXISTS `orders` (
  `orderId` int(11) NOT NULL AUTO_INCREMENT,
  `orderUsername` varchar(20) COLLATE utf8_unicode_ci NOT NULL,
  `orderDate` date DEFAULT NULL,
  `orderStatus` varchar(10) COLLATE utf8_unicode_ci NOT NULL DEFAULT 'send',
  PRIMARY KEY (`orderId`)
) ENGINE=InnoDB  DEFAULT CHARSET=utf8 COLLATE=utf8_unicode_ci AUTO_INCREMENT=15 ;

--
-- Dumping data for table `orders`
--

INSERT INTO `orders` (`orderId`, `orderUsername`, `orderDate`, `orderStatus`) VALUES
(1, 'komkeao', '2015-05-02', 'จัดส่ง'),
(2, 'Administrator', '2015-05-03', 'pay'),
(3, 'Administrator', '2015-05-03', 'wait'),
(4, 'kunanya', '2015-05-03', 'wait'),
(5, 'kunanya', '2015-05-03', 'wait'),
(6, 'Administrator', '2015-05-03', 'wait'),
(7, 'kunanya', '2015-05-03', 'wait'),
(8, 'kunanya', '2015-05-03', 'wait'),
(9, 'kunanya', '2015-05-03', 'wait'),
(10, 'kunanya', '2015-05-03', 'wait'),
(11, 'komkeao', '2015-05-03', 'wait'),
(12, 'kunanya', '2015-05-03', 'wait'),
(13, 'Administrator', '2015-05-03', 'pay'),
(14, 'Administrator', '2015-05-03', 'wait');

-- --------------------------------------------------------

--
-- Table structure for table `pay`
--

CREATE TABLE IF NOT EXISTS `pay` (
  `orderId` int(11) NOT NULL,
  `name` varchar(40) COLLATE utf8_unicode_ci NOT NULL,
  `date` text COLLATE utf8_unicode_ci NOT NULL,
  `pay` text COLLATE utf8_unicode_ci NOT NULL,
  `bank` text COLLATE utf8_unicode_ci NOT NULL,
  `slip` text COLLATE utf8_unicode_ci NOT NULL,
  `etc` varchar(250) COLLATE utf8_unicode_ci NOT NULL,
  `address` text COLLATE utf8_unicode_ci NOT NULL,
  `district` varchar(20) COLLATE utf8_unicode_ci NOT NULL,
  `postCode` int(5) NOT NULL,
  `own` text COLLATE utf8_unicode_ci NOT NULL,
  PRIMARY KEY (`orderId`)
) ENGINE=InnoDB DEFAULT CHARSET=utf8 COLLATE=utf8_unicode_ci;

--
-- Dumping data for table `pay`
--

INSERT INTO `pay` (`orderId`, `name`, `date`, `pay`, `bank`, `slip`, `etc`, `address`, `district`, `postCode`, `own`) VALUES
(1, 'คมเคียว ตั้งประเสริฐ', '2/5/58', '13320', 'กรุงไทย', 'image/payslip/1.jpg', 'ไม่มีนะ', 'parkchong\r\nKoktoom', 'ตรัง', 49140, 'komkeao'),
(2, 'นายคมเคียว ตั้งประเสริฐ', '13/12/14', '155.33', 'กรุงไทย', 'image/payslip/2.jpg', 'ไม่มีนะ', 'parkchong\r\nKoktoom', 'มุกดาหาร', 49140, 'Administrator'),
(11, 'num', '23/12/2558 22.22', '500.23', 'กรึุงศรี', 'image/payslip/11.jpg', 'กดเ้่านสยวบสารีัดเพอิื่านนสส', 'รัยวาวบนง', 'ตาก', 40000, 'kunanya'),
(13, 'นายคมเคียว ตั้งประเสริฐ', '05/04/54', '11500', 'กรุงไทย', 'image/payslip/13.jpg', 'โอนเงินเรียบร้อยนะครับ', '311 หอพักชายที่ 7 มหาวิทยาลัยขอนแก่น ต.ในเมือง อ. เมื่อง', 'ขอนแก่น', 40002, 'Administrator');

-- --------------------------------------------------------

--
-- Table structure for table `product`
--

CREATE TABLE IF NOT EXISTS `product` (
  `productId` int(11) NOT NULL,
  `productName` varchar(100) COLLATE utf8_unicode_ci NOT NULL,
  `productDetail` text COLLATE utf8_unicode_ci NOT NULL,
  `productPrice` int(11) NOT NULL,
  `seller` varchar(20) COLLATE utf8_unicode_ci NOT NULL DEFAULT 'Administrator',
  `tag` varchar(50) COLLATE utf8_unicode_ci NOT NULL,
  PRIMARY KEY (`productId`)
) ENGINE=InnoDB DEFAULT CHARSET=utf8 COLLATE=utf8_unicode_ci;

--
-- Dumping data for table `product`
--

INSERT INTO `product` (`productId`, `productName`, `productDetail`, `productPrice`, `seller`, `tag`) VALUES
(1, 'Logitech Wireless Mouse M545 (Blue)', '<b>รายละเอียดสินค้า</b>\r<br>Logitech Wireless Mouse M545 (Blue) เม้าส์ไร้สายที่เป็นการรวมสิ่งที่ดีกว่าของความความแม่นยำและความสบาย ที่มาพร้อมกับการ scroll ที่ถูกออกแบบมาให้ใช้กับเว็บ และดีไซน์โค้งให้คุณจับได้กระชับยิ่งขึ้น \r<br>\r<br><b>คุณสมบัติเด่น</b>\r<br>\r<br><b>แสดงผลที่แม่นยำ</b>\r<br>Logitech Wireless Mouse M545 (Blue) ถูกออกแบบเพื่อการใช้เว็บ ทำให้การอ่าน Facebook ซื้อสินค้าออนไลน์ หรือการ scroll ใน Google ของคุณง่ายขึ้น การเชื่อมต่อไร้สาย 2.4GHz พร้อมระยะการเชื่อมต่อไร้สายได้ไกลถึง 10 เมตร และด้วยความละเอียดถึง 1000 DPI จึงทำให้คุณจะได้ผลที่แม่นยำ รวดเร็วแน่นอน \r<br>\r<br><b>ใช้งานได้ยาวนาน</b>\r<br>แบตเตอรี่มีอายุการใช้งานนานถึง 3 ปี จึงทำให้คุณใช้งานได้อย่างสบายใจ ไร้กังวล และมีการออกแบบรูปทรงเหมาะสมตามหลักสรีรศาสตร์ เพื่อให้คุณไม่เจ็บปวด กับการใช้งานในระยะเวลาที่นานๆอีกต่อไป สินค้ารับประกัน 3 ปี', 679, 'Administrator', 'mouse,accessories'),
(2, 'SEAGATE 1TB NEW BACKUP PLUS STDR1000301 USB3.0 – SILVER', 'หากคุณต้องการเนื้อที่จัดเก็บงานเยอะ จัดเก็บไฟล์งานได้ไม่อั้น และต้องการความสะดวกปลอดภัย ต้องนี่เลย Seagate 1TB new Backup Plucs STDR1000301 USB3.0 - Silver ดีไซน์ล้ำ ความจุ 1 TB จาก Seagate ขนาดเล็กกะทัดรัด สะดวกพกพาใช้งานง่าย จัดเก็บไฟล์งานได้เยอะ ให้คุณหมดปัญหา คลายความกังวล เรื่องเนื้อที่จัดเก็บไฟล์งานไม่พอไปได้เลย \r<br>\r<br><b>คุณสมบัติเด่น</b>\r<br>\r<br>Seagate 1TB new Backup Plucs STDR1000301 USB3.0 - Silver ถูกออกแบบให้มีขนาดบาง กะทัดรัด พร้อมการดีไซน์รูปทรงสวยงาม สีสันสวยสดใส วัสดุคุณภาพดี ทนทานต่อการใช้งาน ใช้งานง่ายและจัดเก็บข้อมูลของคุณได้เป็นอย่างดี ทั้งป้องกันข้อมูลและ Backup ข้อมูลในตัว ให้คุณเก็บไฟล์ต่างๆได้อย่างมากมาย ครบทุกความต้องการ พร้อมทั้งให้คุณสามารถแชร์หรือเก็บรูปภาพ วิดีโอ จาก Social Network ได้โดยตรงและง่ายดาย อีกทั้งยังสามารถใช้งานได้กับทั้งเครื่อง Mac และ Windows\r<br>คุณสมบัติทั่วไป\r<br>\r<br>SKU	SE873ELAD799ANTH-160404\r<br>\r<br>Color:	สีเงิน\r<br>Model	:STDR1000301\r<br>Size (cm)	:11.35 x 7.6 x 1.21\r<br>Product :warranty	สินค้าพร้อมรับประกัน 3 ปี\r<br>Weight (kg):	0.141\r<br>Published Time:	2015-03-25 09:00:00\r<br>Capacity (GB):	1024', 2159, 'Administrator', 'harddisk,seagate,accessories'),
(3, 'Kingston Data Traveler SE9 - 16GB', '<b>รายละเอียดสินค้า</b>\r<br>\r<br>หากจะกล่าวถึงอุปกรณ์บันทึกข้อมูล คงไม่มีใครไม่รู้จักผู้ผลิตรายใหญ่ในวงการที่ชื่อ Kingston ด้วยเทคโนโลยีชั้นสูงทำให้ Kingston เป็นผู้นำตลาดในวงการอุปกรณ์อิเล็กทรอนิกส์และอุปกรณ์เชื่อมต่อมาอย่างยาวนาน และด้วยอุปกรณ์บันทึกข้อมูล Kingston Data Traveler SE9 - 16GB ชิ้นนี้ จะช่วยให้การจัดเก็บข้อมูลสำคัญต่างๆ เป็นเรื่องง่าย และมีประสิทธิภาพอย่างที่คุณต้องการ\r<br>\r<br><b>คุณสมบัติเด่น</b>\r<br>\r<br><i>ใช้งานง่าย สะดวกต่อการพกพา</i>\r<br>Kingston Data Traveler SE9 - 16GB ชิ้นนี้ ผลิตจากวัสดุคุณภาพดี มีความทนทานสูง สามารถใช้เชื่อมต่อกับคอมพิวเตอร์ได้โดยเฉลี่ยมากกว่าหนึ่งพันครั้ง หน่วยไดร์ฟมีขนาดสูงถึง 16GB ทำให้เก็บข้อมูลต่างๆ ได้มากตามความต้องการ โดดเด่นด้วยรูปทรงที่เป็นเอกลักษณ์ วัสดุภายนอกผลิตจากโลหะเพรียวบาง มีห่วงขนาดใหญ่ใช้สำหรับคล้องกับพวงกุญแจ หรือกระเป๋า ล้ำสมัยด้วยดีไซน์ที่เก๋ไก๋ ขนาดกะทัดรัด จึงมีน้ำหนักเบา สะดวกแก่การพกพา เหมาะกับการจัดเก็บข้อมูลโดยใช้หน่วยความจำแบบแฟลช ทำงานร่วมกับช่องเสียบ USB 1.1 หรือ 2.0 ได้ดี\r<br>\r<br><i>คุ้มค่าเกินราคา</i>\r<br>Kingston Data Traveler SE9 - 16GB ชิ้นนี้ การันตีคุณภาพด้วยแบรนด์ที่มีชื่อเสียงระดับโลก และเป็นที่เชื่อมั่นของผู้ใช้มาแล้วมากมาย ด้วยประสิทธิภาพของการใช้งานและการจัดเก็บ จึงเชื่อว่า Kingston Data Traveler SE9 - 16GB ชิ้นนี้ จะเป็นอีกหนึ่งผลิตภัณฑ์ที่คุ้มค่าสำหรับคุณอย่างแน่นอน\r<br>', 189, 'Administrator', 'flashdrive,accessories'),
(4, 'Notebook Lenovo IdeaPad G4070', '<b>รายละเอียดย่อ :</b>\r<br>หน่วยประมวลผล : i3-4005U (3M Cache, 1.70 GHz)\r<br>กราฟิก : ATI JET LE R5 M230 2G DDR3\r<br>หน่วยความจำ : 4 GB\r<br>พื้นที่เก็บข้อมูล : 500 GB\r<br>หน้าจอ : 14 นิ้ว\r<br>ความละเอียด: 1366x768\r<br>ระบบปฏิบัติการ : DOS\r<br>Warranty : 2 ปี\r<br>\r<br>      โน๊ตบุ๊คที่เหมาะสำหรับทำงานทั่วไป รองรับการทำงานต่างๆได้อย่างราบรื่น พร้อมการออกแบบขนาดที่กะทัดรัด พกพาสะดวกในทุกการเดินทางของคุณ หน้าจอ 14 นิ้ว ความละเอียด 1366*768 พิกเซล การแสดงผลภาพให้สีสันสดใส และการดีไซน์ที่สวยงาม เรียบหรู ทันสมัย คีย์บอร์ดสวย ปุ่มกดสบาย พิมพ์ได้รวดเร็ว แม่นยำ และฝาพับที่เปิดปิดได้สะดวก แข็งแรง \r<br>\r<br>      ด้วยความสามารถที่ทำงานได้อย่างมีประสิทธิภาพ พร้อมขุมพลัง i3-4005U (3M Cache, 1.70 GHz) ให้คุณทำงานได้ราบรื่น ไม่ว่าจะทำเอกสาร งานพรีเซน ท่องเว็บไซต์ค้นหาข้อมูล รับส่งอีเมล์ หรือสนุกกับความบันเทิงได้ ให้การเล่นเกม ดูภาพถ่ายหรือวิดีโอ ครบทุกความบันเทิงต่างๆ ราบรื่นไม่มีสะดุดมาพร้อมไดร์ฟดีวีดี และลำโพง Dolby® Stereo สำหรับการชมภาพยนตร์อย่างแท้จริง\r<br>\r<br>', 11980, 'Administrator', 'notebook,lenovo,computer'),
(5, 'CASIO รุ่น MRW-200H-2B', '<b>คุณสมบัติเด่น</b>\r<br>\r<br>สินค้าใหม่ 100 % ของแท้ 100 %\r<br>กันน้ำ 100 เมตร\r<br>นาฬิกาสปอร์ตสำหรับผู้ชาย\r<br>หน้าปัดแสดงวัน และวันที่\r<br>สายเป็นยางเรซิ่นสีดำ\r<br>ขนาดหน้าปัด 4.7 X 4.4 หนา 1.1 ซม.\r<br>น้ำหนัก 39 กรัม\r<br>แบตเตอรี่ 3 ปี รุ่น SR626SW\r<br>พร้อมกล่อง casio + คู่มือ casio \r<br>\r<br>• 100-meter water resistance\r<br>• Rotating bezel\r<br>• Day and date display at 3 o’clock\r<br>\r<br><iframe width="560" height="315" src="https://www.youtube.com/embed/BqP04FNZvmI" frameborder="0" allowfullscreen></iframe>', 750, 'Administrator', 'watch,casio,sport'),
(6, 'หุ่นยนต์ดูดฝุ่น iGGOO  รุ่น Niche สีดำ ครบทันในทุกฟังค์ชั่น', '<b> คุณสมบัติ :</b>\r<br>- อิกกู นีช หุ่นยนต์ทำความสะอาดที่ครบทันในทุกฟังค์ชั่นและยังมาพร้อมระบบชาร์ตแบตเตอรี่เองอัตโนมัติและรีโมตในราคาที่ถูกที่สุด\r<br>- สามารถทำงานทั้งดูดฝุ่นและถูพื้นไปพร้อมกัน หุ่นยนต์สามารถตั้งเวลาการทำงานให้หุ่นออกมาทำความสะอาดในเวลาที่ต้องการง่ายๆ เพียงตั้งเวลาที่ Docking Station\r<br>- เมื่อแบตเตอรี่หมด คุณสามารถชาร์ตแบตโดยตรงเข้าสู่เครื่องหรือตั้งตัว Docking Station เพื่อให้หุ่นยนต์กลั้บมาชาร์ตแบตเองที่แท่น เมื่อแบตใกล้หมด ตัวหนุ่นจะขึ้นไฟเตือสีแดงพร้อมหยุดทำความสะอาด แต่จะเริ่มวิ่งหาตัว Docking Station เพื่อกลับมาชาร์ตแบตเตอรี่\r<br>\r<br><b>ในกล่องประกอบด้วย :</b>\r<br>\r<br>- iGGOO Niche จำนวน 1 เครื่อง \r<br>- แบตเตอรีแบบชาร์จได้ จำนวน 1 ชิ้น\r<br>- แท่นชาร์จแบตเตอรี จำนวน 1 ชิ้น\r<br>- แปรงปัดฝุ่น จำนวน 2 ชิ้น\r<br>- ฟิลเตอร์กันฝุ่น จำนวน 2 ชิ้น\r<br>- ผ้าเช็ดพื้น 2 ผืน\r<br>- แปรงทำความสะอาด จำนวน 1 ชิ้น\r<br>- ช้อนตักฝุ่น จำนวน 1 ชิ้น\r<br>- อุปกรณ์แบ่งพื้นที่ห้อง (Virtual Wall) จำนวน 1 ชิ้น \r<br>- รีโมทควบคุมเครื่อง 1 ชิ้น\r<br>- คู่มือการใช้งาน\r<br>\r<br><iframe width="100%" height="100%" src="https://www.youtube.com/embed/cN3AEhg1SIc" frameborder="0" allowfullscreen></iframe>', 6500, 'Administrator', 'home,robot,iggoo'),
(13, 'Asus Transformer Book รุ่น T100TA-DK046H ', 'รายละเอียดสินค้า\r<br>Asus Transformer Book รุ่น T100TA-DK046H Intel Atom - White โน๊ตบุ๊คคุณภาพเยี่ยม สเปคสุดคุ้มดีไซน์โดนใจจาก Asus ที่มาพร้อมประสิทธิภาพอันทรงพลังของหน่วยประมวลผล Intel Core i7-4710HQ หน่วยประมวลผลความเร็วสูง ที่พร้อมให้คุณลุยงานสารพัดและเพลิดเพลินไปกับเอ็นเตอร์เทนเมนท์หลากหลายรูปแบบได้อย่างไม่มีสะดุดรำคาญใจ\r<br>\r<br>คุณสมบัติเด่น\r<br>เปลี่ยนรูปสะดวกต่อการพกพา	\r<br>Asus Transformer Book รุ่น T100TA-DK046H Intel Atom - White มีขนาดกระทัดรัด พกพาสะดวก ผสมผสานประสิทธิภาพของโน้ตบุ๊คเข้ากับลักษณะกระทัดของแท็บเล็ต คุณสามารถเปลี่ยนรูปแบบการใช้งานได้อย่างรวดเร็ว มีน้ำหนักเพียงแค่ 550 กรัม T100 เป็นหนึ่งในโน้ตบุ๊คที่มีน้ำหนักเบาที่สุด เพียงแค่ถอดแผงคีย์บอร์ดเสริมออกจากหน้าจอ มันก็จะกลายเป็นมัลติทัชแท็บเล็ต ที่คุณสามารถพกพาไปได้ทุกที่ การออกแบบที่ทันสมัย ทำให้ T100 ดูโดดเด่น งดงามทุกมุุมมอง	\r<br>\r<br>โน้ตบุ๊คประสิทธิภาพสูง	\r<br>Asus Transformer Book รุ่น T100TA-DK046H Intel Atom - White ทรงประสิทธิภาพด้วยซีพียูใหม่ล่าสุด Intel® Atom™ Z3775 processor เพื่อความสมดุลที่สมบูรณ์แบบของประสิทธิภาพการทำงานมัลติทาสกิ้งและประสิทธิภาพการใช้พลังงานที่โดดเด่น แบตเตอรี่รองรับการใช้งานยาวนานถึง 11 ชั่วโมง T100 สามารถรองรับการใช้งานยาวนานตลอดทั้งวัน โดยที่ไม่ต้องชาร์จไฟ พร้อมสำหรับการใช้งานในทันที สตอเรจ eMMC ขนาด 64 GB ช่วยให้คุณสามารถใช้งานแอพพลิเคชั่นมากมาย บันทึกไฟล์งานได้อย่างรวดเร็ว และ USB 3.0 รองรับอุปกรณ์สตอเรจความเร็วสูงรุ่นใหม่ สำหรับการโอนถ่ายข้อมูลอย่างรวดเร็ว	\r<br>\r<br>', 13190, 'Administrator', 'Notebook ,computer'),
(15, 'Toshiba Canvio Simple 1TB (USB 3.0) ', 'รายละเอียดสินค้า\r<br>Toshiba Canvio Simple 1TB (USB 3.0) External Harddisk - Black\r<br>บันทึกเก็บข้อมูลขนาดพกพาสะดวกเสียบใช้งานกับUSB ตอบโจทย์สำหรับทุกคนที่กำลังมองหาฮาร์ดดิสก์ความจุสูง ความเร็วเยี่ยมได้เป็นอย่างดี ถูกใจหลายคนที่ต้องการสินค้าดี มีคุณภาพอย่างแน่นอน\r<br>\r<br>คุณสมบัติ\r<br>- USB 3.0\r<br>- Backward compatible with USB 2.0 ports\r<br>- Easy to use with no software to install\r<br>- Accommodates large digital files with spacious storage capacity\r<br>- Color: Black\r<br>\r<br>', 3000, 'Administrator', 'accessories'),
(17, 'HP PAVILION 11-H101TU X2 ', 'รายละเอียดสินค้า\r<br>ทำงานก็ได้ เล่นเกมก็ดี ดูหนังก็สนุก ต้องนี่เลย HP PAVILION 11-H101TU X2 Intel Core i5-4202Y 11.6" 4GB (Black) โน้ตบุ๊ก ดีไซน์ทันสมัย ขับเคลื่อนการทำงานด้วยซีพียู Intel Core i5-4202Y ความเร็วสูงสุด 2.0 GHz ที่ให้ทุกการทำงาน หรือทุกกิจกรรมไหลลื่นไม่มีสะดุดมากกว่าที่เคย\r<br>\r<br>คุณสมบัติเด่น\r<br>ดีไซน์ทันสมัย หน้าจอคมชัด\r<br>HP PAVILION 11-H101TU X2 Intel Core i5-4202Y 11.6" 4GB (Black)โน้ตบุ๊ก ดีไซน์ทันสมัย มาพร้อมหน้าจอขนาด 11.6" นิ้ว Touch ให้ภาพที่คมชัดสมจริง รองรับการเชื่อมต่อ 802.11 b/g/n จัดเก็บไฟล์ข้อมูลหรือไฟล์งานได้อย่างจุใจด้วย SSD ความจุ 128GB \r<br>\r<br>แรงเร็วไม่มีสะดุด\r<br>HP PAVILION 11-H101TU X2 Intel Core i5-4202Y 11.6" 4GB (Black) มาพร้อมแรม 4GB ขับเคลื่อนการทำงานด้วยระบบปฏิบัติการ Windows 8.1 (64bit) ประมวลผลการทำงานด้วยซีพียู Intel Core i5-4202Y ความเร็วสูงสุด 2.0 GHz ช่วยให้การทำงานสมูท ไหลลื่นไม่มีสะดุด\r<br>\r<br>ข้อมูลจำเพาะ\r<br>- ชิพเซ็ต (Chipset): Intel Express Chipset\r<br>- เทคโนโลยีประมวลผล (Processor Type): Intel Core i5-4202Y\r<br>- ความเร็วในการประมวลผล (Processor Speed): 1.6 GHz Up To 2.0 GHz\r<br>- หน่วยความจำแคช (Cache Size): 3 MB cache\r<br>- Bus Speed (MHz): 1600Mhz\r<br>- ชนิดหน่วยความจำ (RAM Type): DDR3\r<br>- หน่วยความจำหลัก (RAM): 4GB\r<br>- สื่อบันทึกจัดเก็บข้อมูล (Hard Drive): SSD\r<br>- Hard Drive (GB): 128GB\r<br>- ชนิดหน้าจอ (Display Type): UWVA HD anti-glare, Touch Screen\r<br>- ขนาดหน้าจอ (Display Size): 11.6"\r<br>- การ์ดแสดงผล (Graphics Controller): Intel HD Graphics 4200\r<br>- ความละเอียดแสดงผลสูงสุด (Max Internal Resolution): 1366 x 768\r<br>- ระบบเสียง (Audio): Beats Audio\r<br>- ช่องต่อการ์ดหน่วยความจำ (Card Reader): SD Media Card Reader\r<br>- ช่องเชื่อมต่อ (Connector Interface): 1x HDMI, 1x headphone/microphone combo (base), 1x headphone/microphone combo (tablet) \r<br>- ช่องเชื่อต่ออุปกรณ์แบบยูเอสบี (USB Ports): 1x USB3.0 (base), 1x USB2.0 (base) \r<br>- กล้องดิจิตอล (Webcam): Full HD Webcam\r<br>- แบตเตอร์รี่ (Battery): 2-cell (28 WHr) Li-ion polymer (tablet), 2-cell (21 WHr) Li-ion polymer (base) \r<br>- ระบบปฏิบัติการ (OS): Windows 8.1 (64bit) \r<br>- ไมโครโฟน (Microphone): Built-in Microphone\r<br>- การเชื่อมต่อบลูทูธ (Bluetooth): 4.0\r<br>- การเชื่อมต่อไร้สาย (Wireless LAN): 802.11 b/g/n\r<br>- ระบบจ่ายไฟฟ้า (AC Adapter): 45W AC power adapter', 27000, 'Administrator', 'Notebook,computer'),
(18, 'Lenovo MIIX 3-1030 (80HV0026TA) ', 'รายละเอียดสินค้า\r<br>ที่สุดแห่งคอมพิวเตอร์ แบรนด์ Lenovo ที่ครองใจผู้ใช้ทั้งด้านดีไซน์และประสิทธิภาพ Lenovo MIIX 3-1030 (80HV0026TA) 10.1" IPS Touch/2GB/64GBeMMC/Win8.1 อีกหนึ่งผลงานที่มาพร้อมคุณภาพในการใช้งานที่หลากหลาย ทำงานได้ครบทุกฟังก์ชั่น ที่พร้อมจะผสานไลฟ์สไตล์ของคุณได้ลงตัวอย่างไม่มีสะดุด ตอบสนองทุกการใช้งาน ตอบสนองทุกความต้องการของคุณได้อย่างลงตัวทั้งดีไซน์ และการใช้งานด้วยประสิทธิภาพ \r<br>\r<br>คุณสมบัติเด่น\r<br>ลื่นไหล รวดเร็วLenovo MIIX 3-1030 (80HV0026TA) 10.1" IPS Touch/2GB/64GBeMMC/Win8.1 มาพร้อมหน่วยประมวลผล Intel Atom Z3735F Quad-core Processor ความเร็วในการประมวลผล 1.33GHz จึงทำให้การใช้งานของคุณจะลื่นไหล รวดเร็วมากยิ่งขึ้น พร้อมด้วย การ์ดแสดงผลกราฟิก Integrated Intel HD 4000 ที่จะทำให้การใช้งานมีประสิทธิภาพอย่างสูงสุด \r<br>\r<br>เก็บไฟล์ได้จุใจ\r<br>มีหน่วยความจำ 2GB และ ฮาร์ดดิสก์อีก 64GB eMMC ที่ให้คุณเก็บไฟล์ได้ตั้งแต่ใหญ่สุดๆ ไปจนถึงเล็กจิ๋วเลยทีเดียว ไม่ต้องกลัวว่าความจุจะไม่พออีกต่อไป มาพร้อมหน้าจอ Multi-Touch ขนาด 10.1 นิ้ว ความละเอียดสูง เพื่อให้คุณใช้งานได้อย่างคมชัดทุกรายละเอียด \r<br>\r<br>ข้อมูลจำเพาะ\r<br>-	CPU : Intel Atom Z3735F Quad-core Processor 1.33GHz up to 1.86GHz\r<br>-	Memory Std. : 2GB LPDDRIII 1600 ONBOARD \r<br>-	Harddisk : 64GB eMMC\r<br>-	Opticla drive : None\r<br>-	Graphics : Integrated Intel HD 4000\r<br>-	Monitor : 10.1 HD IPS(Multi-Touch) \r<br>-	Camera : Camera F/R 2.0MP\r<br>-	Battery : 2CELL 25WH (Battery usage time up to 10Hrs) \r<br>-	Lan/WLAN/BT : Wifi IEEE802.11B/G/N+Blue tooth 4.0\r<br>-	OS : Windows 8.1 Bing(Tablet) Free Microsoft office 365\r<br>-	Other : Weight 549g. ', 12000, 'Administrator', 'Notebook ,computer'),
(19, 'Acer Switch 10 (SW5-012-18KC)', 'รายละเอียดสินค้า\r<br>Acer Aspire Switch 10 โน้ตบุ้คแบบ Hybrid ที่สามารถใช้งานได้แบบ 2-in-1 หลากหลายรูปแบบการใช้งานทั้งในรูปแบบโน้ตบุ๊ค และสามารถถอดหน้าจอมาใช้แบบ Tablet ได้อย่างสะดวกสบาย ตัวล็อคแม่เหล็กมีความแข็งแรงทนทาน หน้าจอมีขนาด 10.1 นิ้ว Full HD มีสีสันที่สดใสสวยงาม ตัวอักษรคมชัด และเป็นจอภาพ Gorilla Glass 3 ป้องกันรอยขีดข่วนและยังมีความทนทานสูง\r<br>\r<br>คุณสมบัติเด่น\r<br>เพื่อประสบการณ์การใช้งานอันน่าประทับใจ\r<br>ด้วยหน้าจอที่คมชัดระดับ Full HD1 (1366x768), Zero Air Gap, และเทคโนโลยี IPS 2 จะให้ภาพที่คมชัดสมจริงและสีที่สดใสจากทุกมุมมอง จะมอบความประทับใจในการใช้งานให้แก่คุณ\r<br>\r<br>จอภาพที่แข็งแรง\r<br>Gorilla® Glass 3 ให้จอภาพที่แข็งแกร่งกว่าเดิมด้วย Native Damage Resistance Gorilla® Glass 3 ทนทานต่อการขีดข่วนเพิ่มขึ้น 3 เท่า และลดความสามารถในการมองเห็นรอยขีดข่วนที่มีอยู่\r<br>\r<br>โหมดต่างๆที่รองรับการใช้งานอันหลากหลาย\r<br>Aspire Switch 10 นั้นขับเคลื่อนด้วย Intel® Atom™ CPU และสามารถแปลงได้เป็นสี่โหมดที่ต่างกันที่ทำให้คุณสามารถงานแบบ Multitasking ได้ในทุกสภาพแวดล้อม ถอดจอออกจากคีย์บอร์ดและใช้งานเป็นแท็บเล็ต, ทำงานอย่างจริงจังในโหมดแล็ปท็อป, หมุนจอภาพเพื่อแบ่งปัน หรือพลิกกลับเพื่อรับชมภาพยนตร์เมื่อมีพื้นที่จำกัด\r<br>\r<br>คุณสมบัติเฉพาะ\r<br>CPU : Intel processor Z3735F(quad-core 1.33 GHz,2 MB)\r<br>RAM : 2 GB\r<br>HDD : eMMC 64 GB + 500GB HDD\r<br>VGA : Intel HD Graphics\r<br>Screen Size : 10.1 inch IPS Display HD 1366x768\r<br>TouchScreen : Touch\r<br>Optical Drive : None\r<br>Network : WiFi 802.11 BGN\r<br>Bluetooth : Bluetooth\r<br>USB : Yes\r<br>Camera : Webcam\r<br>OS : Windows 8.1 Bing', 41590, 'Administrator', 'Notebook '),
(20, 'Canon EOS 700D 18-55IS', 'รายละเอียดสินค้า\r<br>Canon EOS 700D 18-55IS (เเถมฟรี!! Lens EF50 mm. F1.8 II และ หนังสือ 2 เล่ม) มอบประสิทธิภาพการทำงานพื้นฐานที่สมบูรณ์แบบ เป็นหนึ่งในกล้องที่ดีที่สุดในตระกูลกล้องดิจิตอล DSLR ด้วยการให้ผลลัพธ์ของงานที่มีคุณภาพสูงมาพร้อมกับความละเอียด 18 ล้านพิกเซล มีระบบเซนเซอร์ APS-C Hybrid CMOS พร้อมระบบออโต้โฟกัสแบบ phase-detection ในตัวเซ็นเซอร์ ชิปประมวลผล DIGIC 5 จุดโฟกัสแบบ cross-type 9 จุด รองรับการบันทึกวิดีโอแบบ Full HD มาพร้อมกับเลนส์ 18-55 มิล. STM ตัวใหม่ เพื่อรองรับงานโฟกัสภาพเคลื่อนไหวที่เริ่ดกว่าเดิม หน้าจอทัชกรีนหมุนได้ 360 องศา สำหรับผู้ที่ต้องการถ่ายภาพผ่าน live view และการถ่าย VDO \r<br>\r<br>คุณสมบัติเด่น\r<br>ระบบโฟกัสอัตโนมัติที่ครอบคลุมได้ถึง 9-จุด แบบ cross-type\r<br>Canon EOS 700D 18-55IS ได้มีการใช้งานฟีเจอร์การโฟกัสแบบอัตโนมัติ ช่วยให้สามารถโฟกัสภาพอัตโตมัติได้อย่างรวดเร็ว แม่ยำ และอย่างต่อเนื่องในทุกช่วงเวลา เมื่อทำการถ่ายภาพผ่านทางช่องมองภาพ กล้องดิจิตอล EOS 700D จะปรับการโฟกัสอัตโนมัติทั้ง 9 จุด แบบ cross-type AF system (รวมถึงการโฟกัสด้วยความแม่นยำสูง dual-cross f/2.8 ที่จุดกึ่งกลาง) เพื่อการโฟกัสที่แม่นยำไม่ว่าจะจัดวางกล้องไว้ในทิศทางแบบแนวตั้งหรือแนวนอน ระบบ AI Servo AF system ยังช่วยรักษาความแม่นยำของโฟกัสในทุกระยะองศา\r<br>\r<br>SO 100-12800 และเพิ่มได้สูงถึง 25600 ในการใช้งาน H mode\r<br>ด้วยการใช้งานชิปประมวลผลภาพ DIGIC 5 Image Processor กล้อง Canon EOS 700D 18-55IS จึงสามารถขยายช่วง ISO ได้ในระหว่าง ISO 100–12800 (และสูงสุดถึง 25600 ใน H mode) ช่วยให้สามารถถ่ายภาพในสภาวะที่มีแสงน้อยได้โดยไม่ต้องพึ่งแฟลช นอกจากนี้ เลนส์ Canon EF หรือ EF-S ยังมีการใช้ระบบ Optical Image Stabilizer ช่วยให้กล้อง EOS 700D สามารถบันทึกภาพได้อย่างสวยงาม แม้ในสภาวะที่มีแสงจำกัด\r<br>\r<br>ใช้งาน Creative filters ในระหว่างการถ่ายภาพ Live View Shooting\r<br>Canon EOS 700D 18-55IS มีการใช้งาน creative filters ที่แตกต่างกันถึง 7 แบบ ช่วยในการแสดงอารมณ์และการสร้างสรรค์เอฟเฟคท์ต่างๆกันไปตามสถานการณ์ Creative Filters ที่มีการใช้งาน ได้แก่ Fish-eye Effect, Toy Camera Effect, Grainy Black and White, Soft Focus, Miniature Effect, Art Bold Effect และ Water Painting Effect โดยสามารถนำฟิลเตอร์ไปใช้งานร่วมกับรูปถ่าย (RAW และ JPEG) หลังจากถ่ายภาพได้ ทำให้สามารถใส่เอฟเฟคท์ได้หลากหลายในรูปภาพเดียว\r<br>', 20890, 'Administrator', 'camera'),
(21, 'Canon PowerShot SX400 IS Digital Camera - Black', 'รายละเอียดสินค้า\r<br>Canon PowerShot SX400 IS Digital Camera - Black (เเถมฟรี!! SD 8GB) กล้องคุณภาพจาก Canon ที่จะทำให้ภาพถ่ายสวยงามระดับโปรอย่างที่คุณต้องการได้ เเละยังมีฟังก์ชั่นการใช้งานที่ง่าย แล้วคุณจะหลงรักกับภาพถ่ายของคุณอย่างเเน่นอน เเละยังพร้อมให้คุณเก็บภาพความประทับใจได้ทุกสถาณการณ์\r<br>\r<br>คุณสมบัติเด่น\r<br>ระบบป้องกันภาพสั่นไหวอัจฉริยะ (Intelligent Image Stabilizer)\r<br>Canon PowerShot SX400 IS Digital Camera - Black มีระบบป้องกันภาพสั่นไหวอัตโนมัติเพื่อให้เหมาะสมกับสถานการณ์ที่แตกต่างกัน ภาพที่ได้จึงคมชัดสมบูรณ์แบบทั้งในโหมดภาพนิ่งและโหมดวิดีโอ ระบบป้องกันภาพสั่นไหวอัจฉริยะนี้จะทำงาน โดยการวิเคราะห์ลักษณะการเคลื่อนไหวของกล้องและวัตถุ ก่อนจะประมวลข้อมูลแล้วทำการเลือกประเภทภาพถ่ายที่เหมาะสมออกมา เช่น การถ่ายภาพด้วยการแพนกล้อง ภาพมาโคร หรือภาพถ่ายระยะไกล \r<br>\r<br>ความละเอียด 16 ล้านพิกเซล\r<br>Canon PowerShot SX400 IS ใช้เซ็นเซอร์ภาพ CCD ความละเอียด 16 ล้านพิกเซล มาพร้อมกับชิปประมวลผลภาพ Digic 4+ โดยมีการทำงานลดการสั่นไหวของภาพแบบออฟติคัล จับรายละเอียดของฉากของคุณด้วย ISO 400-6400 ที่ให้คุณภาพสูงในสภาพแสงน้อย ซูมไกลหายห่วงด้วยเลนส์ซูมแบบออปติคอล 30 เท่า มีโหมดบันทึกภาพ Scene Mode ให้เลือกถึง 6 โหมด สามารถถ่ายวิดีโอความละเอียดสูงสุด Full HD \r<br>\r<br>ข้อมูลจำเพาะ\r<br>- เซ็นเซอร์ CCD ความละเอียด 16.6 ล้านพิกเซล\r<br>- ขนาดภาพใหญ่สุด 4608 x 3456 พิกเซล\r<br>- ชิปประมวลผล Digic 4+\r<br>- ค่าความไวแสง(iSO) Auto, 100-1600\r<br>- เลนส์ 24-720 มม. ออพติคอลซูม 30x ดิจิตอลซูม 4x\r<br>- จอภาพขนาด 3 นิ้วความละเอียด 230,000 พิกเซล \r<br>- ความเร็วชัดเตอร์ 15-1/1600 วินาที\r<br>- รองรับการแมนนวลโฟกัส\r<br>- แฟลชระยะ 5 ม.\r<br>- บันทึกวิดีโอที่ความละเอียดสูงสุด 1280 x 720 พิกเซล (25 fps) ไฟล์ MPEG-4, H.264 \r<br>- รองรับการ์ดความจำแบบ SD/SDHC/SDXC\r<br>- แบตเตอรี่ Lithium-Ion NB-11LH \r<br>- ตัวเครื่องขนาด 104 x 69 x 80 มม.\r<br>- หนัก 313 กรัม', 13400, 'Administrator', 'camera'),
(22, 'Nikon Compact Coolpix L31 – Silver', 'รายละเอียดสินค้า\r<br>ตอบสนองต่อไลฟ์สไตล์แบบไม่หยุดนิ่งของคุณด้วย Nikon Compact Coolpix L31 – Silver ที่จะเปิดโลกแห่งการถ่ายภาพ และบันทึกภาพทุก Shot ทุกความทรงจำของคุณที่แสนตื่นเต้น มีคุณค่า ไม่ว่าคุณจะไป ณ ที่แห่งใดในโลกใบนี้ ด้วยฟังก์ชั่นในการทำงานที่ล้ำสมัย ที่เพียงปลายนิ้วจะทำคุณได้ภาพถ่ายที่สวยสมบูรณ์แบบ \r<br>\r<br>คุณสมบัติเด่น\r<br>ถ่ายภาพได้อย่างน่าทึ่งแค่เพียงคลิกเดียว \r<br>Nikon Compact Coolpix L31 – Silver พิกเซลใช้งานจริง 16.1 ล้านพิกเซลและการซูมแบบออพติคอล 5x เอื้อประโยชน์ต่อการบันทึกภาพทุกช่วงชีวิตของคุณได้อย่างสมบูรณ์ ด้วยฟังก์ชั่นลดภาพพร่ามัวตรวจจับโมชัน คุณสามารถถ่ายภาพมุมกว้างร่วมกับเพื่อนไปจนถึงวัตถุที่อยู่ระยะไกลได้โดยไม่ต้องกังวลเรื่องภาพพร่ามัว คุณเพียงแค่เล็งกล้อง ดูตัวอย่างภาพที่จะถ่ายบนจอ LCD ขนาด 2.7 นิ้ว แล้วโหมดอัตโนมัติแบบง่ายของ L31 จะทำหน้าที่ส่วนที่เหลือให้กับคุณ \r<br>\r<br>ออกแบบมาเพื่อการควบคุมที่สมบูรณ์แบบ\r<br>Nikon Compact Coolpix L31 – Silver มีโครงสร้างภายนอกที่สวยหรูแต่ทนทาน พร้อมที่จับกระชับถนัดมือและการจัดวางปุ่มที่ออกแบบให้เหมาะกับการใช้งาน ด้วยระบบส่วนเชื่อมต่อผู้ใช้แบบกราฟิกที่ปรับปรุงให้ง่ายขึ้นและภาษาที่มีให้เลือกถึง 36 ภาษา การค้นหาฟังก์ชันในกล้องจึงทำได้ง่ายและไม่ซับซ้อน มีสีต่างๆ ที่สดใสให้เลือกมากมายเพื่อให้เหมาะลงตัวกับไลฟ์สไตล์ของคุณ \r<br>\r<br>ข้อมูลจำเพาะ\r<br>ประเภท : กล้องดิจิตอลคอมแพค\r<br>พิกเซลใช้งานจริง : 16.1 ล้านพิกเซล (การประมวลผลภาพอาจลดจำนวนพิกเซลใช้งานจริงลง)\r<br>เซ็นเซอร์ภาพ : ชนิด 1/2.3 นิ้ว CCD; พิกเซลทั้งหมด: ประมาณ 16.44 ล้านพิกเซล\r<br>เลนส์ : เลนส์ NIKKOR ซูมแบบออพติคอล 5x\r<br>ทางยาวโฟกัส : 4.6-23.0 มม. (มุมมองภาพเทียบเท่าเลนส์ 26-130 มม. ในฟอร์แมต 35 มม. [135])\r<br>ค่ารูรับแสงสูงสุด : f/3.2, –6.5\r<br>กำลังขยายสำหรับการซูมแบบดิจิตอล : สูงสุด 4x (มุมมองภาพเทียบเท่าเลนส์ประมาณ 520 มม. ในฟอร์แมต 35 มม. [135])\r<br>ระบบลดภาพสั่นไหว : ระบบลดภาพสั่นไหวแบบอิเล็กทรอนิกส์ (ภาพยนตร์)\r<br>ระบบลดการพร่ามัวจากการเคลื่อนไหว : ระบบลดภาพสั่นไหวแบบอิเล็กทรอนิกส์ (ภาพนิ่ง)\r<br>ระบบโฟกัสอัตโนมัติ : AF แบบตรวจจับคอนทราสต์\r<br>การเลือกพื้นที่โฟกัส : กลาง, ตรวจจับใบหน้า\r<br>ขนาดจอภาพ : 6.7 ซม. (2.7 นิ้ว) ในแนวทแยง\r<br>ความละเอียดจอภาพ : ประมาณ 230,000 จุด, TFT LCD พร้อมฟังก์ชั่นปรับความสว่าง 5 ระดับ\r<br>สื่อบันทึกข้อมูล : SD, SDHC, SDXC, หน่วยความจำภายใน (ประมาณ 17 MB)\r<br>ขนาดภาพ (พิกเซล) : 16M (สูง) [4608 x 3456 (ดี)] 16M [4608 x 3456] 8M [3264 x 2448] 4M [2272 x 1704] 2M [1600 x 1200] VGA [640 x 480] 16:9 [4608 x 2592]\r<br>ค่าความไวแสง (ISO) (ความไวแสงเอาท์พุตมาตรฐาน) : ISO80, –1600\r<br>ระบบวัดแสง : เฉลี่ยทั้งภาพ, เน้นกลางภาพ (การซูมแบบดิจิตอลต่ำกว่า 2x), เฉพาะจุด (การซูมแบบดิจิตอล 2x หรือมากกว่า)\r<br>โหมดค่าแสง : ค่าแสงโปรแกรมอัตโนมัติ และการชดเชยแสง (-2.0 – +2.0 EV ปรับขั้นละ 1/3 EV)\r<br>แฟลชในตัวกล้อง : มี\r<br>ภาษาที่รองรับในเมนูกล้อง : อารบิค, เบงกาลี, บัลแกเรีย, จีน (ประยุกต์และดั้งเดิม), เชค, เดนมาร์ก, ดัตช์, อังกฤษ, ฟินแลนด์, ฝรั่งเศส, เยอรมัน, กรีก, ฮินดี, ฮังการี, อินโดนีเซีย, อิตาลี, ญี่ปุ่น, เกาหลี, มราฐี, นอร์เวย์, เปอร์เซีย, โปแลนด์, โปรตุเกส (ยุโรปและบราซิล), โรมาเนีย, รัสเซีย, เซอร์เบีย, สเปน, สวีเดน, ทมิฬ, เตลูกู, ไทย, ตุรกี, ยูเครน, เวียดนาม\r<br>ขนาด (กว้างxสูงxลึก) : ประมาณ 96.4, x59.4, x28.9 มม. (3.8, x2.4, x1.2 นิ้ว) ไม่รวมเลนส์\r<br>น้ำหนัก : ประมาณ 160 ก. (5.7 ออนซ์) (รวมแบตเตอรี่และการ์ดหน่วยความจำ SD)\r<br>อุณหภูมิ : 0°C – 40°C (32°F – 104°F)\r<br>ความชื้น : 85% หรือน้อยกว่า (หยดน้ำไม่จับตัว', 1890, 'Administrator', 'camera');
INSERT INTO `product` (`productId`, `productName`, `productDetail`, `productPrice`, `seller`, `tag`) VALUES
(23, 'Casio Exilim ZR50 Brown Free! Micro SD 8 GB', 'รายละเอียดสินค้า\r<br>Casio Exilim ZR50 – Brown ทำให้การถ่ายภาพตนเองและภาพหมู่สนุกสนานและง่ายดายยิ่งขึ้น ด้วยขนาดกะทัดรัด คุณสามารถหยิบกล้องออกมาถ่ายภาพได้ทุกที่ ทุกเวลาที่เพื่อนและครอบครัวมารวมตัวกัน และคุณยังสามารถแบ่งปันช่วงเวลาล้ำค่าเหล่านั้นกับเพื่อนที่พลาดไปได้ โดยการอัพโหลดภาพที่บันทึกของคุณไปยังไซต์ SNS ผ่านสมาร์ทโฟน เมื่อการถ่ายภาพเป็นเรื่องสนุก เวลาแห่งการรื่นเริงไปกับครอบครัวและเพื่อนก็ยิ่งเพลิดเพลินมากขึ้น \r<br>\r<br>คุณสมบัติเด่น\r<br>จอ LCD ที่ปรับระดับได้ ง่ายต่อการถ่ายภาพตนเอง \r<br>เมื่อถ่ายภาพตนเอง เพียงแค่เปิดจอ LCD ที่ปรับระดับได้ไป 180 องศา ด้วยวิธีนี้ คุณสามารถตรวจสอบได้ทั้งมุมและองค์ประกอบ เพื่อถ่ายภาพที่คุณต้องการอย่างง่ายดาย ยิ่งไปกว่านั้น การถ่ายภาพตนเองไม่เคยง่ายดายกว่านี้อีกแล้ว เนื่องจากปุ่มควบคุมก็หมุนไปพร้อมกับจอ LCD ด้วย ทำให้การเล่น หรือข้ามไปข้างหน้า/ย้อนกลับไปยังภาพที่บันทึกไว้ราบรื่นและเรียบง่าย ฟังก์ชัน “ถ่าย” และ “มอง” ให้ความหมายใหม่ของ "ความสนุก" ในการถ่ายภาพตนเอง\r<br>\r<br>สนุกกับการถ่ายภาพหมู่โดยไม่ต้องใช้มือ \r<br>ชัตเตอร์โมชั่นของ Casio Exilim ZR50 – Brown จะตรวจจับการเคลื่อนไหวของมือ เมื่อคุณโบกมือไปที่กล้อง และใช้งานตัวนับเวลายิงชัตเตอร์ของกล้อง คุณสมบัติแสนสะดวกนี้ทำให้มือคุณว่างสำหรับการโพสท่า และถ่ายภาพตนเองหรือภาพหมู่ได้ โดยวางกล้องไว้ห่างจากตัวคุณ\r<br>\r<br>ผสมผสาน ZR50 กับสมาร์ทโฟนของคุณเพื่อเพิ่มปัจจัยความสนุก \r<br>ถ่ายภาพตนเองได้ดีกว่า ด้วยการจัดองค์ประกอบของภาพด้วยหน้าจอสมาร์ทโฟนของคุณ นอกจากนี้ การส่งภาพที่ถ่ายไปยังสมาร์ทโฟนของคุณ ทำให้คุณสามารถตรวจสอบภาพ และอัพโหลดเพื่อดูบนไซต์ SNS ได้ทันที ความสนุกไม่ได้อยู่ที่การถ่ายภาพเท่านั้น แต่ยังอยู่ที่สิ่งที่คุณสามารถทำได้หลังจากถ่ายภาพอีกด้วย สินค้ารับประกัน 1 ปี \r<br>\r<br>ข้อมูลจำเพาะ\r<br>-	จำนวนพิกเซลที่ใช้งานจริง : ประมาณ 16.1 เมกาพิกเซล (/ล้าน) \r<br>-	เซนเซอร์ภาพ : CMOS ความเร็วสูง 1/2.3 นิ้ว (ชนิดเรืองแสงด้านหลัง) \r<br>-	พิกเซลรวม 16.79 เมกาพิกเซล (/ล้าน) \r<br>-	รูปแบบไฟล์ : ภาพนิ่ง JPEG (Exif เวอร์ชัน 2.3, DCF2.0, DPOF) , ภาพยนตร์รูปแบบ MOV, H.264/AVC, IMA-ADPCM (โมโน) \r<br>-	หน้าจอแสดงผล : หน้าจอ LCD สี 3.0 นิ้วแบบ TFT (Super Clear LCD) 921,600 จุด ปรับได้ (180 องศา) \r<br>\r<br>เลนส์\r<br>-	โครงสร้าง 10 เลนส์ใน 9 กลุ่ม รวมถึงชิ้นเลนส์แก้ความคลาดทรงกลม\r<br>-	ค่ารูรับแสง F3.5 (W) ถึง F6.5 (T) \r<br>-	ทางยาวโฟกัส F = 4.5 ถึง 45.0 มม.\r<br>-	เทียบเท่าฟิล์ม 35 มม. ประมาณ 25 ถึง 250 มม.\r<br>\r<br>อัตราส่วนการซูม\r<br>-	การซูมออปติคอล 10 เท่า\r<br>-	การซูมคมชัดหลายภาพ 20 เท่า\r<br>-	การซูมดิจิตอล 4 เท่า\r<br>-	การซูมดิจิตอลสูงสุด 159.4 เท่า (ทำงานร่วมกับการซูม HD ขนาด VGA) \r<br>\r<br>', 12000, 'Administrator', 'camera'),
(24, 'Canon Power Shot IXUS 160 ', 'รายละเอียดสินค้า\r<br>ตอบสนองต่อไลฟ์สไตล์แบบไม่หยุดนิ่งของคุณด้วย Canon Power Shot IXUS 160 - Black แถมฟรี SD Card 8 GB Class 4 ที่จะเปิดโลกแห่งการถ่ายภาพ และบันทึกภาพทุก Shot ทุกความทรงจำของคุณที่แสนตื่นเต้น มีคุณค่า ไม่ว่าคุณจะไป ณ ที่แห่งใดในโลกใบนี้ ด้วยฟังก์ชั่นในการทำงานที่ล้ำสมัย ที่เพียงปลายนิ้วจะทำคุณได้ภาพถ่ายที่สวยสมบูรณ์แบบ \r<br>\r<br>คุณสมบัติเด่น\r<br>คมชัดทุกความละเอียดCanon Power Shot IXUS 160 - Black แถมฟรี SD Card 8 GB Class 4 กล้องคอมแพคที่มีความละเอียดมากถึง 20 ล้านพิกเซล ความละเอียดภาพสูงสุด (Max Resolution) 5152 x 3864 พิกเซล เพื่อให้คุณถ่ายภาพได้อย่างคมชัด แม้เวลาจะผ่านไปนานแค่ไหนก็ตาม มาพร้อมหน้าจอ LCD แสดงผลขนาด 2.7 นิ้ว ความละเอียด 230,000 พิกเซล เพื่อให้คุณเช็คภาพได้อย่างชัดเจน \r<br>\r<br>ป้าหมายจะไกลแค่ไหนก็ไปถึง\r<br>ไม่ว่าภาพที่ต้องการจะไกลเพียงใด ก็ไม่ต้องกังวล เพราะ Canon Power Shot IXUS 160 - Black แถมฟรี SD Card 8 GB Class 4 มี Optical Zoom มากถึง 8 เท่า เพื่อให้คุณเลือกใช้งานได้อย่างง่ายดาย แล้วทีนี้ไม่ว่าเป้าหมายจะใกล้หรือไกลแค่ไหนก็ไม่ใช่ปัญหาสำหรับคุณอีกต่อไป \r<br>\r<br>', 2300, 'Administrator', 'camera'),
(25, 'Monster หูฟังแบบครอบหู รุ่น N-TUNE – Blue', 'รายละเอียดสินค้า\r<br>รสนิยมและไลฟ์สไตล์นั้นเป็นสิ่งแรกที่จะบ่งบอกความเป็นตัวตนของคุณได้เป็นอย่างดี ไม่ว่าจะเป็นการแต่งตัว ทรงผม หรือ accessories ต่างๆ รวมไปถึง สไตล์การฟังเพลง การเลือกใช้หูฟังที่มีดีไซน์เข้ากับตัวคุณเอง และ Monster หูฟังแบบครอบหู รุ่น N-TUNE ก็เป็นหูฟังที่ดี เหมาะสำหรับคนรักดนตรีที่ชื่นชอบการจังหวะที่แข็งแกร่งซึ่งถือว่าเป็นการตอบโจทย์คุณได้เป็นอย่างดีเลยทีเดียว \r<br>\r<br>คุณสมบัติเด่น\r<br>ฟังเบสชัดอย่างที่คุณต้องการ Monster หูฟังแบบครอบหู รุ่น N-TUNE เป็นหูฟังประเภท on-ear มีฟองน้ำรองรับกับใบหู ทำให้คุณรู้สึกสบายเวลาฟังเพลง ถ่ายทอดเสียงเบสไม่หนักจนเกินไป จึงทำให้เสียงเคลียร์ ผลิตจากวัสดุที่ทำมาจากพลาสติก มีความยืดหยุ่นแข็งแรงทนทานชนิดที่ไม่ว่าคุณจะบิดไป-มาแค่ไหน หูฟังก็จะกลับสู่สภาพปกติดังเดิมทุกครั้ง ผิวมันเงา ออกแบบดูสวยหรูมีสไตล์เป็นเอกลักษณ์ ตัว Driver เคลือบไทเทเนียมต้านแรงสั่นสะเทือน ทำให้เสียงที่ถ่ายทอดออกมาอย่างไม่ผิดเพี้ยน \r<br>\r<br>ออกแบบพร้อมใช้งาน \r<br>Monster หูฟังแบบครอบหู รุ่น N-TUNE มี Control Talk Universal ที่ออกแบบมาให้ใช้งานได้อย่างง่ายดาย และยังมีสายที่ออกมาป้องกันปัญหาสายพันกันอีกด้วย อีกทั้งยังสามารถใช้เป็นไมโครโฟนคุยรับวางสายโทรศัพท์ และควบคุมฟังก์ชั่นการควบคุมเล่นเพลงต่าง ๆ ได้อีกด้วย', 2500, 'Administrator', 'accessories'),
(27, 'Rapoo Wireless Touchpad Keyboard Multi-touch mode 2.4GHz E9080 (Black)', 'รายละเอียดสินค้า\r<br>Rapoo Wireless Touchpad Keyboard Multi-touch mode 2.4GHz E9080 (Black) อีกหนึ่งคีย์บอร์ดไร้สายคุณภาพเยี่ยมจาก Rapoo ที่มอบประสบการณ์แห่งความบางด้วยขนาดเพียง 5.6 และการควบคุมสื่อต่างๆอย่างง่ายดายด้วย touchpad และ numpad พร้อมความสะดวกในการใช้งานคีย์บอร์ดด้วยสัญญาณ wireless ไม่ต้องหงุดหงิดกับสายเชื่อมต่อ USB ที่พันกันอิรุงตุงนัง พร้อมครอบคลุมสัญญาณได้กว้างถึง 10 เมตร เลยทีเดียว โดยสินค้าพร้อมรับประกัน 2 ปีเต็ม\r<br>\r<br>คุณสมบัติเด่น \r<br>ออกแบบพิเศษบางเพียง 5.8 มม.\r<br>Rapoo Wireless Touchpad Keyboard Multi-touch mode 2.4GHz E9080 (Black) มีความบางเพียงแค่ 5.8 มม. ด้วยโครงสร้างสแตนเลสชั้นดี พร้อม scissor key และ stainless steel plate ที่พร้อมมอบความสะดวกสบาย ให้กับคุณ\r<br>\r<br>สะดวกด้วย Touchpad และ numpad \r<br>คุณไม่จำเป็นต้องมีเมาส์ให้ยุ่งยากอีกต่อไป ในเมื่อคุณมี touchpad keyboard และ numpad ซึ่งจะทำให้คุณสามารถควบคุมสื่อต่างๆได้อย่างง่ายดาย และรวดเร็วทันใจ เพียงแค่ใช้นิ้ว slide เพื่อสลับการใช้งานระหว่าง touchpad และ numpad\r<br>\r<br>Wireless Keyboard รวดเร็ว แม่นยำ\r<br>Rapoo Wireless Touchpad Keyboard Multi-touch mode 2.4GHz E9080 (Black) เชื่อมต่อไร้สายด้วยสัญญาณ 2.4GHz ที่ครอบคลุมสัญญาณการทำงานถึง 10 เมตร', 1900, 'Administrator', 'accessories'),
(28, 'Logitech Wireless Mouse M280 - Black', 'รายละเอียดสินค้า\r<br>บ่งบอกความเป็นตัวตนและสไตล์ของคุณได้อย่างดีเยี่ยม Logitech Wireless Mouse M280 - Black ติดตั้งการใช้งานแสนง่ายดายแค่เสียบตัวรับสัญญาณก็เริ่มใช้งานได้ทันที ตัวรับสัญญาณที่มีขนาดเล็กจิ๋วพอที่จะอยู่ในพอร์ต USB และภายในตัวเมาส์ ผู้ใช้งานจึงไม่จำเป็นต้องถอดเข้าถอดออกและคอยกังวลว่าจะทำหาย โดยเสียบตัวรับสัญญาณไว้ได้ตลอดแม้ในกรณีที่คุณเคลื่อนย้ายไปโน่นมานี่ และยังสามารถเก็บตัวรับสัญญาณไว้ภายในเมาส์โดยไม่จำเป็นต้องถอดออก\r<br>\r<br>คุณสมบัติเด่น\r<br>ออกแบบเป็นพิเศษเพื่อมือของคุณ\r<br>Logitech Wireless Mouse M280 - Black เพลิดเพลินกับความสะดวกสบายที่มากกว่าสำหรับมือข้างขวาของคุณ ด้วยดีไซน์โค้งมนของยางเนื้อนุ่มที่จับกระชับมือ\r<br>\r<br>อายุการใช้งานแบตเตอรี่ 18 เดือน\r<br>ใช้งานได้ยาวนานขึ้นระหว่างการชาร์จแบตเตอรี่แต่ละครั้ง ด้วยวิศวกรรมที่ประหยัดพลังงาน* และนอกจากนี้ M280 ยังพักการใช้งานโดยอัตโนมัติเมื่อคุณไม่ได้ใช้งาน\r<br>\r<br>ติดตามได้อย่างราบรื่นและแม่นยำ\r<br>Logitech Wireless Mouse M280 - Black เพิ่มความแม่นยำและความรวดเร็วในการตอบสนองด้วย Logitech Advanced Optical Tracking\r<br>\r<br>ตัวรับสัญญาณขนาดเล็กแบบเสียบแล้วใช้งานได้ตลอด\r<br>Logitech Wireless Mouse M280 - Black เสียบตัวเชื่อมต่อและลืมไปได้เลย ตัวรับสัญญาณขนาดเล็กช่วยให้คุณเชื่อมต่อไร้สายได้อย่างสะดวกสบายและไว้ใจได้\r<br>\r<br>ความต้องการของระบบ\r<br>- Windows® 8, Windows® 7, Windows Vista®\r<br>- Mac OS® X 10.5 หรือใหม่กว่า\r<br>- Chrome OS\r<br>- Linux Kernel 2.6+\r<br>- พอร์ต USB\r<br>\r<br>ข้อมูลจำเพาะ\r<br>- เทคโนโลยีเซ็นเซอร์: Logitech Advanced Optical Tracking\r<br>- ความละเอียด: 1000 dpi\r<br>- แบตเตอรี่: 1-AA\r<br>- จำนวนปุ่ม: 3\r<br>- ล้อเลื่อน: ใช่\r<br>- ฟังก์ชั่นเอียง: ไม่\r<br>- เมาส์ที่พร้อมสำหรับ Unifying: ใช่\r<br>- ตัวรับสัญญาณที่พร้อมสำหรับ Unifying: ไม่\r<br>- ระยะห่างการใช้งานแบบไร้สาย: สูงสุด 25 เมตร (ประมาณ 80 ฟุต)\r<br>- ระบบไร้สาย: การเชื่อมต่อไร้สายที่ก้าวล้ำ 2.4 GHz\r<br>- อินเทอร์เฟซการเชื่อมต่อ: ตัวรับสัญญาณ USB\r<br>- OS ที่รองรับ: Windows 8, Windows 7, Windows Vista, Mac OS 10.+, Chrome OS, Linux Kernel 2.6+', 450, 'Administrator', 'accessories'),
(29, 'EZCast MII Wifi Display Dongle ตัวส่งสัญญาณภาพและเสียงเข้าทีวีช่อง HDMI - สีดำ', 'รายละเอียดสินค้า\r<br>\r<br>EZCast MII Wifi Display Dongle ตัวส่งสัญญาณภาพและเสียงเข้าทีวีช่อง HDMI - สีดำ\r<br>\r<br>EZCast MII Wifi Display Dongle Receiver HDMI - สีดำ เป็นอุปกรณ์ ที่สามารถเปลี่ยน TVธรรมดาๆ ของคุณ ให้คุณสามารถเชื่อมต่อใช้งานอินเตอร์เน็ตได้ และสามารถดูหนัง ฟังเพลงออนไลท์ ได้โดยการควบคุมผ่าน Smart Phone (Android/Iphone),Tablet และคอมพิวเตอร์ และยังสามารถแชร์ข้อมูล รูปภาพ วิดีโอ ไฟล์ Documet Ebook หรือแม้กระทั้งเกมส์ เข้าสู่จอTV ได้อีกด้วย\r<br>\r<br>คุณสมบัติ\r<br>- สามารถเชื่อมต่อกันแบบไร้สายระหว่างTV และสมาร์ทโฟนเพื่อแชร์ข้อมูล รูปภาพ วิดีโอ ไฟล์เอกสาร หรือไฟล์เสียง\r<br>- สนับสนุน EZCast,DLNA,Miracast,EZAir(Airplay),ควบคุมและถ่ายทอดหน้าจอเพียงกดแค่ปุ่มเดียว\r<br>- มีขนาดเล็กสามารถพกพาได้สะดวก\r<br>- สนับสนุน Wifi 802.11 b/g/n\r<br>- สนับสนุน HDMI 1.4,1080P Full HD\r<br>- สนับสนุน อัพเดทออนไลท์\r<br>- สนับสนุนระบบปฎิบัติการ Window,Android,IOS', 750, 'Administrator', 'accessories'),
(30, 'Kingston Micro SD 32GB Class10 (SDC10/32GB) with Adapter', 'รายละเอียดสินค้า\r<br>จัดเก็บไฟล์งาน ไฟล์ภาพ ไฟล์เพลง หรือไฟล์วิดีโอ ไม่ต้องกลัวเต็มเร็ว ด้วย Kingston Micro SD + Adapter 32GB Class10 (SDC10/32GB) ไมโคร SD การ์ด ความจุ 32 GB โทนสีดำจาก Kingston ขนาดเล็กกะทัดรัด สะดวกพกพา ใช้งานง่าย มาพร้อมความเร็วในการถ่ายโอนข้อมูลที่รวดเร็วเต็มสปีดและเทคโนโลยีปกป้องข้อมูลสูญหาย ให้คุณจัดเก็บไฟล์งานได้อย่างจุใจ \r<br>\r<br>คุณสมบัติเด่น \r<br>ถ่ายโอนข้อมูลรวดเร็ว Kingston Micro SD + Adapter 32GB Class10 (SDC10/32GB) ความจุขนาด 32 GB ขนาดเล็กกะทัดรัดพกพาสะดวก มาพร้อมอัตราความเร็วในการอ่านและถ่ายโอนข้อมูล 10 MB/วินาที ทำให้การถ่ายโอนข้อมูลและอ่านข้อมูลเป็นไปอย่างง่ายดายและรวดเร็ว โดยไม่ต้องรอนาน ใช้สำหรับจัดเก็บและถ่ายโอนข้อมูลทุกประเภท อาทิ เช่น รูปภาพ วิดีโอ เพลง เกมส์ ฯลฯ ไปยังอุปกรณ์อิเล็กทรอนิกส์ประเภทต่างๆ เหมาะสำหรับใช้งานกับมือถือ แท็บเล็ต และกล้องถ่ายรูป \r<br>\r<br>ปกป้องข้อมูลอย่างปลอดภัยสูงสุด \r<br>นอกจากนี้ยังมาพร้อมระบบปกป้องและป้องกันข้อมูลสูญหาย เหมาะสำหรับบันทึกไฟล์วิดีโอแบบ HD และไฟล์งานในรูปแบบอื่นๆ ไมโคร SD การ์ด ของ Kingston รุ่นนี้ได้รับการรับประกันคุณภาพแบบ Lifetime หรือตลอดอายุการใช้งาน \r<br>\r<br>Specifications\r<br>-	Capacity: 32GB4	\r<br>-	Speed2: Class 10: 10MB/s min. data transfer rate	\r<br>-	Compliant: with the SD Card Association card 3.01 specification, Compatible with microSDHC/SDXC host devices only	\r<br>-	Reliable: lifetime warranty	\r<br>-	Dimensions: 0.43" x 0.59" x 0.039" (11mm x 15mm x 1mm)	\r<br>-	Operating Temperatures: 13ºF to 185ºF (-25ºC to 85ºC)	\r<br>-	Storage Temperatures: 40ºF to 185ºF (-40ºC to 85ºC)	\r<br>', 370, 'Administrator', 'accessories'),
(31, 'Apple iPhone 6 16GB - Gold', 'รายละเอียดสินค้า\r<br>เปิดตัวแล้ว Apple iPhone 6 16GB - Gold สมาร์ทโฟนที่ทุกคนรอคอย กลับมาพร้อมกับระบบปฏิบัติการ iOS 8 ที่เจ๋งกว่าเดิม ซึ่งเป็น iOS ที่เยี่ยมยอดที่สุดเท่าที่เคยมีมา พร้อมทั้งความละเอียดของกล้องที่จะให้คุณถ่ายรูปฟรุ้งฟริ้ง มุ้งมิ้ง ได้อย่างจุใจ ลองจับ ลองใช้ แล้วคุณจะรู้สึกว่าเป็นสมาร์ทโฟนที่ไม่ธรรมดาจริงๆ \r<br>\r<br>คุณสมบัติเด่น\r<br>หน้าจอคมชัด Apple iPhone 6 16GB - Gold ระบบปฏิบัติการ iOS 8 จอแสดงผล Retina Display 16 ล้านสี ความละเอียด 1334 x 750 พิกเซล ขนาด 4.7 นิ้ว มาพร้อมระบบเซ็นเซอร์ ที่จะเซ็นเซอร์ยืนยันตัวบุคคลด้วยลายนิ้วมือ (Touch ID) มาพร้อมหน่วยประมวลผล Apple A8 (64-bit) Dual Core หน่วยความจำ 16 GB (ตัวเครื่อง) และ RAM 1GB ที่พร้อมทำงานอย่างรวดเร็ว กดปุ๊บ ติดปั๊บเลยทีเดียว \r<br>\r<br>รักษาสิ่งแวดล้อม\r<br>Apple iPhone 6 16GB - Gold สะท้อนให้เห็นถึงพัฒนาการด้านสิ่งแวดล้อมของ Apple ที่ก้าวหน้าอย่างต่อเนื่อง โดยได้รับการออกแบบมาพร้อมคุณสมบัติดังต่อไปนี้เพื่อลดผลกระทบต่อ สิ่งแวดล้อมไม่ว่าจะเป็น จอภาพ LED-backlit ปลอดสารปรอท , กระจกจอภาพปลอดสารอาร์เซนิก , ปลอดสารหน่วงไฟประเภทโบรมีน และ ตัวเครื่องอะลูมิเนียมรีไซเคิลได้ \r<br>\r<br>ถ่ายภาพคมชัด \r<br>Apple iPhone 6 16GB - Gold มากับกล้องดิจิตอล 8 ล้านพิกเซล (Digital Camera) โหมดถ่ายภาพช่วงการรับแสงสูง (HDR) และให้คุณ Selfie ได้อย่างฟรุ้งฟริ้งด้วยกล้องหน้า (Front Camera) ที่ความละเอียด 1.2 ล้านพิกเซล ซึ่งจะทำให้ใบหน้าของคุณขาวใส นวลเนียน อย่างที่ใครๆก็จะต้องถูกใจ สินค้ารับประกัน 1 ปี \r<br>\r<br>ข้อมูลจำเพาะ\r<br>จอภาพ\r<br>- จอภาพ Multi-Touch แบบ LED-backlit ไวด์สกรีนขนาด 4.7 นิ้ว (แนวทแยง) พร้อมเทคโนโลยี IPS\r<br>- ความละเอียด 1334 x 750 พิกเซลที่ 326 ppi \r<br>- อัตราส่วนคอนทราสต์ 1400:1 (ทั่วไป) \r<br>- ความสว่างสูงสุด 500 cd/m2 (ทั่วไป) \r<br>- มาตรฐาน sRGB เต็มช่วงสี\r<br>- พิกเซลแบบ Dual-domain เพื่อการมองในมุมที่กว้างขึ้น\r<br>- เคลือบสารกันรอยนิ้วมือด้านหน้า\r<br>- รองรับการแสดงผลหลายภาษาและตัวอักษรหลายแบบพร้อมกัน \r<br>\r<br>ประมวลผล\r<br>- ชิพ A8 พร้อมด้วยสถาปัตยกรรม 64 บิต\r<br>- โปรเซสเซอร์ร่วม M8\r<br>- สำหรับประมวลผลการเคลื่อนไหว\r<br>\r<br>กล้องถ่ายภาพ\r<br>- กล้อง iSight ใหม่ ความละเอียด 8 เมกะพิกเซล ด้วยพิกเซลขนาด 1.5µ\r<br>- ออโต้โฟกัสพร้อม Focus Pixels\r<br>- รูรับแสงขนาด ƒ/2.2\r<br>- ระบบป้องกันภาพสั่นไหวแบบออปติคอล (เฉพาะ iPhone 6 Plus) \r<br>- แฟลช True Tone\r<br>- ชุดเลนส์ห้าชิ้น\r<br>- ฟิลเตอร์ Hybrid IR\r<br>- เซ็นเซอร์รับแสงด้วยส่วนหลัง\r<br>- ผลึกแซฟไฟร์ป้องกันหน้าเลนส์\r<br>- ระบบป้องกันภาพสั่นไหวอัตโนมัติ\r<br>- HDR อัตโนมัติสำหรับภาพถ่าย\r<br>- ระบบตรวจจับใบหน้าที่ดียิ่งขึ้น\r<br>- การควบคุมค่าแสง\r<br>- พาโนรามา (สูงสุด 43 เมกะพิกเซล) \r<br>- โหมดถ่ายภาพรัวต่อเนื่อง\r<br>- ระบบการแตะเพื่อโฟกัส\r<br>- แนบข้อมูลพิกัดตำแหน่งในภาพถ่าย\r<br>- โหมดตั้งเวลาถ่ายภาพ\r<br>\r<br>บันทึกวิดิโอ\r<br>- บันทึกวิดีโอระดับ HD 1080p (30 fps หรือ 60 fps) \r<br>- แฟลช True Tone\r<br>- วิดีโอสโลว์โมชั่น (120 fps หรือ 240 fps) \r<br>- วิดีโอเร่งความเร็ว\r<br>- ระบบป้องกันภาพวิดีโอสั่นไหวระดับภาพยนตร์\r<br>- วิดีโอออโต้โฟกัสต่อเนื่อง\r<br>- ถ่ายภาพนิ่งขณะบันทึกวิดีโอ\r<br>- ระบบตรวจจับใบหน้าที่ดียิ่งขึ้น\r<br>- ซูม 3 เท่า\r<br>- แนบข้อมูลพิกัดตำแหน่งในวิดีโอ\r<br>- เซ็นเซอร์ยืนยันตัวบุคคลด้วยลายนิ้วมือติดตั้งอยู่ในปุ่มโฮม\r<br>- รองรับ 3G 4G ทุกเครือข่าย', 25400, 'Administrator', 'mobile'),
(32, 'Samsung Galaxy A5 - White', 'ายละเอียดสินค้า\r<br>Samsung Galaxy A5 – White สมาร์ทโฟน Samsung รุ่นแรกที่มีตัวเครื่องเป็นโลหะทั้งหมด ประกอบด้วยดีไซน์ที่หรูหรา ดูแปลกใหม่ พร้อมจอแสดงผล HD sAMOLED ขนาด 5 นิ้ว คุณจะได้สัมผัสกับสุดยอดสมาร์ทโฟนคุณภาพระดับพรีเมียมของตัวเครื่องที่เป็นโลหะทั้งหมด พร้อมรูปลักษณ์ที่โฉบเฉี่ยว คุณจึงสามารถเลือกใช้ Samsung GALAXY A5 ที่เหมาะสมกับตัวตนและสไตล์ของคุณได้อย่างแท้จริง \r<br>\r<br>คุณสมบัติเด่น\r<br>ถ่ายภาพเซลฟี่อย่างชาญฉลาด ลายแขนจะไม่โผล่ให้เห็นในภาพถ่ายของคุณอีกต่อไป ด้วย Samsung GALAXY A5 คุณจะไม่ต้องกดปุ่มเพื่อถ่ายภาพเซลฟี่ แต่คุณสามารถถ่ายภาพตัวคุณเองด้วยการสั่งงานด้วยเสียงหรือฝ่ามือ และเพื่อนของคุณก็จะคิดว่าคุณมีช่างภาพส่วนตัวคอยติดตามคุณไปทุกที่ นอกจากนี้ ซอฟต์แวร์ตรวจจับภาพและจดจำเสียงพูดใน Samsung GALAXY A5 จะช่วยยกระดับการถ่ายภาพเซลฟี่อย่างเหนือชั้น \r<br>\r<br>เทคโนโลยีทันสมัย\r<br>การแสดงผลภาพและเสียงที่ปรับเปลี่ยนได้อย่างยืดหยุ่นเทคโนโลยี Alive Super Amoled Display และ Adapt Display มอบสีสันสมจริงบน Samsung GALAXY A5 โดยสามารถปรับเปลี่ยนตามสภาพแวดล้อมได้อย่างลงตัว ด้วยฟังก์ชั่น Adjustable Audio แบบอัตโนมัติ สมาร์ทโฟน Samsung GALAXY A5 จะเพิ่มหรือลดระดับเสียงโดยอัตโนมัติตามเสียงแบ็คกราวด์รอบตัวคุณ \r<br>\r<br>ทรงพลัง\r<br>สมรรถนะที่ทรงพลัง Samsung GALAXY A5 ขับเคลื่อนด้วยโปรเซสเซอร์ 1.2 GHz Quad core จึงทำงานได้อย่างรวดเร็วและเหนือกว่า คุณจะสามารถดูภาพยนตร์ ฟังเพลง และรันหลายแอพได้อย่างรวดเร็วและราบรื่น ด้วยการรองรับ LTE Cat 4 คุณจึงดาวน์โหลดได้รวดเร็วกว่าใคร ', 10500, 'Administrator', 'mobile'),
(33, 'Huawei Y625 - Black', 'รายละเอียดสินค้า\r<br>Huawei Y625 - Black สมาร์ทโฟนสเปคเยี่ยมกกับราคาเบาๆ จาก Huawei ตอบสนองทุกความต้องการอย่างลงตัวด้วย ระบบปฏิบัติการ Android 4.4 รวดเร็วทันใจด้วยหน่วยประมวลผล MSM 8212M CPU พร้อมหน้าจอขนาด 5 นิ้วและกล้องหลังความละเอียดมากถึง 8 ล้านพิกเซล ถ่ายภาพได้สวยคมชัดถูกใจคุณอย่างแน่นอน\r<br>\r<br>คุณสมบัติเด่น\r<br>     ประสิทธิภาพที่เหนือกว่า\r<br>Huawei Y625 - Black ตอบสนองทุกความต้องการอย่างลงตัวด้วยระบบปฏิบัติการ Android 4.4 เเละหน่วยประมวลผล MSM 8212M CPU เเละมีหน้าจอกว้าง 5 นิ้ว เเละกล้องถ่ายรูป 8 ล้านพิกเซล ที่ให้คุณถ่ายภาพได้สวยคมชัด นอกจากนี้ยังสามารถเชื่อมต่ออินเตอร์เน็ตผ่าน WiFi พร้อมให้คุณเข้าสู่โลกออนไลน์ได้อย่างง่ายดายอีกด้วย \r<br>', 3900, 'Administrator', 'mobile'),
(34, 'inovo I-17 Perfect Slim 5.5" QHD IPS (Super Bright) - White', 'ายละเอียดสินค้า\r<br>inovo I-17 Perfect Slim 5.5" QHD IPS (Super Bright) - White \r<br>หมดกังวลกับการใช้งานด้วย POST-TECH Call Center ที่คอยให้คำแนะนำ และ แก้ไขทุกข้อสงสัย ได้ ทันที \r<br>inovo I-17 Perfect Slim 5.5" QHD IPS (Super Bright) รุ่นใหม่ล่าสุด ปรับปรุงหน้าจอ 5.5 นิ้ว ให้มีความคมชัดมากขึ้นถึงระดับ QHD IPS(960 x 540 พิกเซล) หน้าจอ IPS Super Bright สว่าง ใส กว่าทุกรุ่นที่เคยมีมา คมชัดทุกมุมมอง  ปรับปรุงวัสดุในการประกอบ ให้ดูดีขึ้นมาก โดยเฉพาะความบางเฉียบของตัวเครื่อง บางเพียง 0.86 CM พร้อมกล้องหลัง 8 MP กล้องหน้า 2 MP คมชัด ทุกมุมมอง ด้านระบบปฎิบัติการก็ลง Android 4.4.2 Version ล่าสุดมาด้วย การใช้งานก็ง่ายดาย ตามระบบปฎิบัติการอันยอดฮิตที่สุดในโลก  \r<br>\r<br>เพิ่ม Android Smart Wake ให้คุณเข้าถึงเมนูที่ใช้เป็นประจำ ด้วยการวาดอักษร ในขณะที่อยู่ในโหมด Sleep เช่น วาดรูป m เพื่อเข้าสู่ โปรแกรมฟังเพลง เป็นต้น Feature นี้ มองผ่านๆ คิดว่าไม่ได้ใช้ แต่พอได้ลอง ไปใช้ในบางสถานการณ์ ก็สะดวกอยู่ไม่น้อย เช่น เมื่อเราต้องการโทรออก แต่อีกมือ เราจับสิ่งอื่นอยู่ เราก็วาดรูปตัว C แล้วกดเบอร์ได้ทันที สะดวกและดูดีมากๆ \r<br>\r<br>สำหรับขุมพลังในรุ่นนี้ยังคงเป็น CPU Dual-Core MTK 6572 1.3 Ghz มาพร้อม GPU Mali-400 RAM 512 MB ROM 4 GB (ใช้ได้จริง 1.25 GB + 1.25 GB แบ่งเป็น 2 Partition) ใช้งานได้ไหลลื่น ดีพอสมควร เพียงพอ สำหรับการใช้งานทั่วๆไป ทดลองใช้งาน Facebook Line ผ่าน 3G ก็ไหลลื่นดี ไม่มีอาการค้างให้เห็น การเล่นเกมส์ก็ไม่ควรหนักมาก เพราะแรมให้มาเพียง 512 MB จากการทดสอบ ด้วยโปรแกรม Antutu ก็ทำคะแนนได้ที่ 11,XXX ถือเยอะ พอสมควร เหมาะสมกับ Hardware \r<br>\r<br>แบตเตอรี่ 2500mAh เท่าที่ใช้งานสามารถ ใช้งานได้มากกว่า 3.5 ชม. แต่ถ้าไม่ได้เล่นทั้งวัน หรือ เปิดจอบ่อย ก็อาจจะถึง 4-5 ชม. โดยรวมแล้ว inovo I-17 Perfect Slim 5.5" QHD IPS (Super Bright)  สามารถตอบสนอง การใช้งานได้ดี หน้าจอใหญ่ และ ชัดกว่าเดิมมาก วัสดุ การประกอบดูดี ในราคาที่ดูแล้ว ต้องบอกว่า คุ้ม ที่จะจ่าย \r<br>\r<br>จุดเด่นของ inovo I-17 Perfect Slim 5.5" QHD IPS (Super Bright) \r<br>- หน้าจอใหญ่ 5.5 QHD ชัดเจน สดใส ทุกมุมมอง \r<br>- ดีไซด์บางเฉียบเพียง 0.85 CM \r<br>- กล้องหลัง 8 MP พร้อม LED Flash กล้องหน้า 2 MP \r<br>- แบตเตอรี่ใหญ่ 2500 mAh ใช้งานได้ ยาวนานกว่า \r<br>\r<br>คุณสมบัติ \r<br>ด้วยขนาดหน้าจอที่กว้างถึง 5.5 นิ้ว QHD IPS ที่มีความละเอียด 540x960 พิกเซล ได้มุมมองภาพที่สวยงาม กล้องดิจิตอลที่มีความละเอียดถึง 8 ล้าน พร้อม LED Flash พร้อมกล้องหน้า 2 ล้าน ระบบปฎิบัติการ Android 4.4.2 CPU Dual Core 1.2 GHz พร้อมหน่อยความจำตัวเครื่อง 4GB \r<br>\r<br>เครือข่าย \r<br>WCDMA 850/2100 MHz \r<br>GSM 900/1800 MHz \r<br>รองรับ 2 ซิมการ์ด \r<br>\r<br>จอแสดงผล \r<br>ขนาด 5.5" QHD IPS \r<br>ความละเอียด 540 x 960 Pixel \r<br>Capacitive Touch Screen \r<br>\r<br>คุณสมบัติตัวเครื่อง \r<br>Android 4.4.2 \r<br>CPU Dual Core 1.2 GHz (MTK6572) \r<br>ROM 4 GB \r<br>RAM 512 MB \r<br>รองรับเมมโมรี่การ์ด 32 GB \r<br>โปรแกรมเขียนหน้าจอ Smart Wake \r<br>\r<br>กล้องดิจิตอล \r<br>กล้องหลัง 8 ล้าน LED Flash \r<br>กล้องหน้า 2 ล้าน \r<br>โหมดตรวจจับใบหน้า \r<br>\r<br>การเชื่อมต่อ \r<br>GPS \r<br>AGPS \r<br>Wifi \r<br>Wifi Hotspot \r<br>EDGE \r<br>Bluetooth \r<br>USB \r<br>\r<br>การรับ-ส่ง ข้อความ \r<br>SMS \r<br>MMS \r<br>Gmail \r<br>Email \r<br>\r<br>แบตเตอรี่ 2500 mAh \r<br>ขนาดตัวเครื่อง(mm) 15.3 x 7.79 x 0.86 cm', 29900, 'Administrator', 'mobile');
INSERT INTO `product` (`productId`, `productName`, `productDetail`, `productPrice`, `seller`, `tag`) VALUES
(35, 'Asus Zenfone5 Dual SIM - Charcoal Black', 'รายละเอียดสินค้า\r<br>\r<br>Asus Zenfone5 Dual SIM - Charcoal Black สมาร์ทโฟนสเปคเยี่ยมกกับราคาเบาๆ จาก Asus ตอบสนองทุกความต้องการอย่างลงตัวด้วย ระบบปฏิบัติการ Android 4.3 รวดเร็วทันใจด้วยหน่วยประมวลผล Intel Atom Z2560 พร้อมหน้าจอ HD ขนาด 5 นิ้วและกล้องหลังความละเอียดมากถึง 8 ล้านพิกเซล ถ่ายภาพได้สวยคมชัดถูกใจคุณอย่างแน่นอน\r<br>\r<br>คุณสมบัติเด่น\r<br>\r<br>ระบบปฏิบัติการณ์ Android 4.3\r<br>Asus Zenfone5 Dual SIM - Charcoal Black ตอบสนองทุกความต้องการอย่างลงตัวด้วย ระบบปฏิบัติการ Android 4.3 เเละหน่วยประมวลผล Intel Atom Z2560 นอกจากนี้ยังมีจอแสดงผลระดับ HD กว้าง 5 นิ้ว เเละกล้องถ่ายรูป 8 ล้านพิกเซล เเละสามารถเชื่อมต่ออินเตอร์เน็ตผ่าน 3G/WiFi พร้อมรับประกันสินค้า 1 ปีเต็ม \r<br>\r<br>ข้อมูลจำเพาะ\r<br>เครือข่ายโทรศัพท์มือถือ\r<br>- GSM 850/900/1800/1900 MHz\r<br>- UMTS 850/1900/2100 MHz\r<br>เทคโนโลยีการรับ/ส่งข้อมูล\r<br>- 2G: EDGE/GPRS\r<br>- 3G: HSDPA 42.5 Mbps, HSUPA 5.76 Mbps\r<br>- สามารถใช้งานอินเตอร์เน็ตผ่าน WiFi ได้\r<br>รูปแบบซิม\r<br>- Dual SIM\r<br>\r<br>ข้อมูลตัวเครื่อง\r<br>- รูปแบบหน้าจอ : ใช้ระบบหน้าจอสัมผัส\r<br>- มีระบบสั่น\r<br>- ความกว้างหน้าจอ : 5.00 นิ้ว\r<br>- ความละเอียด : 720 x 1280 พิกเซล\r<br>- จอแสดงผลหลัก : จอแสดงผล IPS-LCD\r<br>- กล้องหลัง : 8.00 ล้านพิกเซล\r<br>- สีของเครื่อง : สีดำ,สีทอง\r<br>\r<br>จอแสดงผล IPS-LCD\r<br>- ระบบสัมผัส Multi-Touch\r<br>- กว้าง 5 นิ้ว (แนวทะแยง)\r<br>- ความละเอียด 720 x 1280 พิกเซล\r<br>\r<br>ข้อมูลระบบปฎิบัติการ\r<br>- CPU : Intel Atom Z2560\r<br>- RAM : 2 GB\r<br>- ระบบปฏิบัติการ: Android 4.3 (Jelly Bean)\r<br>- หน่วยประมวลผล : Intel Atom Z2580\r<br>- ความเร็ว : 1.6 GHz\r<br>หน่วยความจำ \r<br>- RAM 2GB\r<br>- การ์ดหน่วยความจำ microSD - สูงสุด 64 GB\r<br>\r<br>ข้อมูลแบตเตอรี่\r<br>- ยี่ห้อแบตเตอรี่: Li-ion\r<br>- ขนาดของแบต: 2,050 mAh\r<br>- แบตเตอรี่มาตรฐาน 2,050 mAh (Standard Battery) \r<br>\r<br>ระบบเชื่อมต่อ\r<br>- WiFi 802.11b/g/n\r<br>- USB Port\r<br>\r<br>รูปแบบการเชื่อมต่อ\r<br>- WI-FI\r<br>- Bluetooth\r<br>- 3G\r<br>- GPRS\r<br>- EDGE\r<br>- ชุดหูฟัง 3.5 มม.\r<br>\r<br>รับส่งข้อความ\r<br>- SMS, MMS\r<br>- สนับสนุน Gmail\r<br>- รูปแบบการรับส่ง\r<br>- SMS\r<br>- MMS\r<br>- E-Mail\r<br>\r<br>ฟังก์ชั่นมัลติมีเดีย\r<br>ฟังก์ชั่นของกล้อง\r<br>- แฟลช\r<br>- ฟังก์ชั่นลบจุดตาแดง\r<br>- ซูมภาพแบบดิจิตอล\r<br>- ซูมภาพแบบปกติ\r<br>- ปรับภาพอัตโนมัติ\r<br>- เลือกจุดโฟกัสได้อิสระ\r<br>- โหมดถ่ายภาพพร้อมกรอบรูป\r<br>- โหมดถ่ายภาพต่อเนื่อง\r<br>- ใช้งานเป็นเว็บแคม\r<br>- สร้างบล็อกจากภาพถ่าย\r<br>- Geo-tracking\r<br>- ค้นหาใบหน้าอัตโนมัติ\r<br>- ป้องกันภาพสั่นไหว\r<br>- ตรวจจับรอยยิ้ม\r<br>- ตรวจจับการกระพริบตา\r<br>- ปรับสมดุลแสงและสีอัตโนมัติ\r<br>- ตั้งเวลาถ่ายภาพ\r<br>- แสดงภาพสไลด์โชว์\r<br>- ปรับมุมมอง หมุนรูปภาพอัตโนมัติ\r<br>- โหมดถ่ายภาพพาโนราม่า\r<br>- สั่งพิมพ์ภาพโดยตรง\r<br>- ฝาปิด/เปิดเลนส์กล้อง\r<br>- ปรับระยะชัดลึก(EDOF)\r<br>- ปรับความคมชัดอัตโนมัติ\r<br>- ลบจุดลบกวนรูปภาพ\r<br>- โหมดถ่ายภาพ Lomo\r<br>- กล้องหน้า\r<br>- รองรับ Video Call สนทนาแบบเห็นภาพ\r<br>\r<br>มัลติมีเดีย\r<br>- บันทึกวีดีโอ ภาพเคลื่อนไหว\r<br>- บันทึกวีดีโอ ภาพเคลื่อนไหว รูปแบบสามมิติ\r<br>- เครืองเล่นวีดีโอ\r<br>- วีดีโอสตรีมมิ่ง\r<br>- รองรับวีดีโอจาก YouTube\r<br>- เครื่องเล่นเพลง\r<br>- ออดิโอสตรีมมิ่ง\r<br>- FM radio\r<br>- ลำโพงเสียงสเตอริโอ\r<br>\r<br>กล้องดิจิตอล 8 ล้านพิกเซล (Digital Camera)\r<br>กล้องหน้า (Front Camera)\r<br>- ความละเอียด 2 ล้านพิกเซล\r<br>- บันทึกวีดีโอ ภาพเคลื่อนไหว (Video Recording)', 5500, 'Administrator', 'mobile'),
(36, 'Casio G-shock นาฬิกาข้อมือ รุ่น GA-150-1A - Black', 'รายละเอียดสินค้า\r<br>Casio G-shock นาฬิกาข้อมือ  รุ่น GA-150-1A - Black \r<br>นาฬิการะบบอะนาล็อกและดิจิตอลหน้าปัดใหญ่สะใจ\r<br>ขอแนะนำนาฬิการะบบอะนาล็อกและดิจิตอลหน้าปัดใหญ่ 2 รุ่นใหม่ มีให้เลือกระหว่างสีดำและสีขาว ผู้สวมใส่สามารถดูข้อมูลที่ต้องการจากเข็มอะนาล็อก หน้าจอดิจิตอล และหน้าปัดอะนาล็อก หน้าปัดใหญ่อ่านง่าย ตัวเรือนและสายสีด้าน ลวดลายเส้นเฉียบคมส่งให้นาฬิกาดูสวยหรูเมื่ออยู่บนข้อมือของคุณ\r<br>\r<br>คุณสมบัติ\r<br>- กระจกมิเนอรัล\r<br>- ทนทานต่อคลื่นแม่เหล็ก\r<br>- ทนทานต่อแรงสั่นสะเทือน\r<br>- กันน้ำลึก 200 เมตร\r<br>- วัสดุตัวเรือน / กรอบ: เรซิน\r<br>- สายเรซิน\r<br>- ไฟ LED\r<br>- สวิตช์เปิดไฟอัตโนมัติ เลือกระยะเวลาการเรืองแสงได้ แสงระเรื่อ\r<br>- แสดงเวลาโลก\r<br>- 29 โซนเวลา (48 เมือง + เวลาสากลเชิงพิกัด (Coordinated Universal Time)) แสดงรหัสเมือง ปิด/เปิดเวลาออมแสง (Daylight saving) แสดงเวลาสลับกันระหว่างเวลาที่บ้านกับเวลาโลก\r<br>- ตัวจับเวลาความละเอียด 1/1000 วินาที\r<br>\r<br>', 3550, 'Administrator', 'watch'),
(37, 'Casio นาฬิกาข้อมือ รุ่น MTP-1370D-7A2 (Silver/White)', 'รายละเอียดสินค้า\r<br>Casio นาฬิกาข้อมือ รุ่น MTP-1370D-7A2 (Silver/White) \r<br>เรียบหรูดูมีสไตล์มากขึ้นด้วย Casio นาฬิกาข้อมือ รุ่น MTP-1370D-7A2 (Silver/White) นาฬิกาที่จะเนรมิตให้คุณดูมีบุคลิกที่ดูดี โดดเด่น บนถนนสายแฟชั่นได้อย่างสง่างาม มาพร้อมฟังก์ชั่นการใช้งานอย่างลงตัว \r<br>\r<br>คุณสมบัติ\r<br>ใช้งานได้สะดวก Casio นาฬิกาข้อมือ รุ่น MTP-1370D-7A2 (Silver/White) นาฬิกาข้อมือ หน้าปัดแสดงเวลาแบบเข็ม พร้อมป้องกันรอยขีดข่วนได้เป็นอย่างดี ทำให้คุณสามารถใช้งานได้อย่างยาวนาน ตัวเรือนผลิตจาก สแตนเลส สตีล และด้วยคุณสมบัติของวัสดุคุณภาพดีนั้นยังทำให้คุณทำความสะอาดได้ง่ายดายอีกด้วย \r<br>\r<br>ข้อมูลจำเพาะ \r<br>- กระจกมิเนอรัล\r<br>- กันน้ำลึก 50 เมตร\r<br>- สายสเตนเลสสตีล\r<br>- ตัวล็อคพับสามทบ\r<br>- แสดงวันในรอบสัปดาห์ได้หลากหลาย\r<br>- การแสดงวันที่\r<br>- การบอกเวลาแบบทั่วไป\r<br>- อะนาล็อก: เข็มนาฬิกา 3 เข็ม (ชั่วโมง นาที วินาที) \r<br>- ความแม่นยำ ±20 วินาทีต่อเดือน\r<br>- อายุการใช้งาน โดยประมาณ: 3 ปีกับถ่านกระดุม SR920SW\r<br>- ขนาดของกล่อง: 4.5 X 3.98 X 0.88 cm. \r<br>- น้ำหนักรวม: 95 g', 1190, 'Administrator', 'watch'),
(38, 'Invicta Pro Diver Men Model 14344 Silver/Rose Gold', 'รายละเอียดสินค้า\r<br>นาฬิกาไม่ใช่แค่เครื่องบอกเวลา แต่ยังบ่งบอกถึงความเป็นตัวคุณในเรื่องของสไตล์และรสนิยมได้เป็นอย่างดี Invicta Pro Diver Men Model 14344 (Silver/Rose Gold) ที่มีดีไซน์ที่โดดเด่น ซึ่งสามารถบ่งบอกความเป็นตัวคุณได้เป็นอย่างดี นอกจากจะเป็นนาฬิกาที่สวยงามเเล้ว ยังสามารถทำเป็นเครื่องประดับที่จะทำให้คุณมั่นใจทุกครั้งที่สวมใส่\r<br>\r<br>คุณสมบัติ\r<br>สวมใส่สบายInvicta Pro Diver Men Model 14344 (Silver/Rose Gold) มาพร้อมหน้าปัดเรียบง่ายเพื่อเห็นตัวเลขอย่างชัดเจน สายรัดผลิตจาก สแตนเลสสตีล ที่จะทำให้คุณสวมใส่ได้อย่างสบายข้อมือ พร้อมทั้งสามารถกันน้ำลึกได้ถึง 300 เมตร นอกจากนี้แบตเตอรี่ยังมีอายุการใช้งานที่ยาวนาน เหมาะสำหรับการสวมใส่ในชีวิตประจำวัน แล้วชีวิตของคุณจะลงตัวกว่าที่เคย \r<br>', 4390, 'Administrator', 'watch'),
(40, 'Royal Crown นาฬิกาประดับเพชร หรูสไตล์อิตาลี ', 'รายละเอียดสินค้า\r<br>นาฬิกาแฟชั่นผู้หญิงประดับเพชร ยี่ห้อ Royal Crown รุ่น 6305-LE สีขาว\r<br>แถมฟรี แหวนเพชร CZ ขนาดมาตรฐาน 1 วง มูลค่า 600 บาท \r<br>(บริการเปลี่ยนขนาดฟรี 1 ครั้ง กรณีที่ใส่ไม่พอดี)\r<br>\r<br>ขนาดหน้าปัด 2.8 ซ.ม.\r<br>หน้าปัด ทำจากเปลือกหอยมุกแท้\r<br>ตัวเรือน : Quartz Japan\r<br>สาย : หนังแท้\r<br>รับประกันสินค้า 1 ปีเต็ม\r<br>ระบบกันน้ำ : ระดับ 3ATM', 999, 'Administrator', 'watch'),
(41, 'Casio Standard นาฬิกาข้อมือผู้หญิง สายเรซิ่น รุ่น LRW-200H-4B2 - สีชมพู', 'รายละเอียดสินค้า\r<br>Casio Standard นาฬิกาข้อมือผู้หญิง สายเรซิ่น รุ่น LRW-200H-4B2 - สีชมพู\r<br>ก้าวออกจากโลกธรรมดาเพื่อเข้าสู่โลกแห่งแฟชั่นด้วย Casio Standard นาฬิกาข้อมือผู้หญิง สายเรซิ่น รุ่น LRW-200H-4B2 - สีชมพู นาฬิกาแฟชั่นที่มีการดีไซน์เท่เเละทันสมัย เรียบง่ายแต่แฝงไปด้วยความเรียบหรู พร้อมให้คุณเดินเฉิดฉายได้ทุกวันทุกเวลา\r<br>\r<br>คุณสมบัติ\r<br>ดีไซน์ทันสมัย\r<br>Casio Standard นาฬิกาข้อมือผู้หญิง สายเรซิ่น รุ่น LRW-200H-4B2 - สีชมพู นาฬิกาแฟชั่นทำจากวัสดุคุณภาพดีเยี่ยม เเละยังสามารถกันน้ำได้ถึง 100 เมตร พร้อมให้คุณออกไปใช้ชีวิตข้างนอกบ้านได้อย่างมีสีสัน และยังคงคอนเซ็ปต์ตามแนวทางของคุณได้เป็นอย่างดี \r<br>\r<br>แมตช์ได้กับทุกสไตล์\r<br>นอกจากจะเป็นการดีไซน์ที่ดูโดดเด่นอย่างลงตัวแล้วนั้น ยังสามารถใส่เข้ากับสไตล์ของคุณได้อย่างง่ายดาย และยังสามารถใส่ได้ทุกโอกาสตามที่คุณต้องการ \r<br>\r<br>ข้อมูลจำเพาะ\r<br>- กันน้ำ 100 เมตร	\r<br>-	แสดงวันที่ ณ ตำแหน่ง 3 นาฬิกา	\r<br>- หน้าปัดสีขาว	\r<br>-	มี Lumibrite เรืองแสงในที่มืด	\r<br>-	กระจกหน้าปัดทำจาก mineral glass	\r<br>- สายทำจากยางเรซิ่น	\r<br>-	อายุการใช้งานแบตเตอร์รี่ ประมาณ 3 ปี	\r<br>-	แบตเตอรี่ SR626SW	\r<br>-	ขนาดของตัวเรือน 38.9 mm. X 34.2 mm.	\r<br>-	ขนาดความหนาของตัวเรือน 11.5 mm.	\r<br>-	น้ำหนักประมาณ 25 กรัม	\r<br>', 720, 'Administrator', 'watch'),
(42, 'Asus Fonepad FE170CG 7" (Black)', 'รายละเอียดสินค้า\r<br>เปลี่ยนประสบการณ์การใช้งานโทรศัพท์มือถือใหม่ ด้วย Asus Fonepad FE170CG 7" (Black) มาพร้อมหน้าจอขนาดใหญ่ 7 นิ้ว ขอบจอบาง จับถนัดกระชับมือ พร้อมกับฟังก์ชั่นโทรศัพท์ 3G เต็มรูปแบบ ช่วยให้คุณเชื่อมต่อได้ทุกที่ ทุกเวลา \r<br>\r<br>คุณสมบัติเด่น\r<br>ประมวลผลรวดเร็วAsus Fonepad FE170CG 7" (Black) ระบบปฏิบัติการ 4.3 มาพร้อมหน่วยประมวลผล ที่มีประสิทธิภาพสูง 2 เท่า Intel® Atom™ Multi-Core Processor 1.2 GHz ที่มีเทคโนโลยี Intel® Hyper-Threading ช่วยเพิ่มความเร็วการประมวลผล และตอบสนองการท่องอินเทอร์เน็ตเป็นอย่างดี รองรับการเล่นวีดีโอ และเกมที่มีความละเอียดระดับ HD ได้ดีเยี่ยม \r<br>\r<br>อบจอเล็ก พกพาด้วยมือเดียว\r<br>Asus Fonepad FE170CG 7" (Black) มีการออกแบบให้รูปลักษณ์โค้งมน และพื้นผิวมีความเงางาม กว้างเพียง 100 มิลลิเมตร เพื่อให้คุณสามารถถือได้ด้วยมือเดียว ในระหว่างการอ่าน หรือชมภาพยนตร์ ทำให้คุณไม่หนักและเมื่อยในการถือนานๆอีกด้วย \r<br>\r<br>\r<br>สีสันสไตล์คุณ\r<br>มีสีสันให้เลือกมากมาย ไม่ว่าจะเป็นสีขาว สีฟ้า สีดำ หรือสีแดง เพื่อให้เหมาะกับสไตล์ของคุณ บ่งบอกความเป็นคุณได้มากกว่าอย่าลงตัว นอกจากนี้ ยังมาพร้อม นวัตกรรม พร้อมเทคโนโลยี clean touch หน้าจอสัมผัสอาจจะสร้างความรำคานให้กับการใช้งาน นั่นเป็นเหตุผล ที่เราใช้หน้าจอเคลือบ ช่วยปกป้องลายนิ้วมือจากการใช้งาน ช่วยให้ผู้ใช้สามารถควบคุมได้ทุกการสัมผัส ไม่ว่าจะเรียกดูเว็บไซต์ หรือ เล่นเกม\r<br>', 3790, 'Administrator', 'mobile');

-- --------------------------------------------------------

--
-- Table structure for table `user`
--

CREATE TABLE IF NOT EXISTS `user` (
  `uid` int(11) NOT NULL AUTO_INCREMENT,
  `username` varchar(20) COLLATE utf8_unicode_ci NOT NULL,
  `password` text COLLATE utf8_unicode_ci NOT NULL,
  `name` text COLLATE utf8_unicode_ci NOT NULL,
  `address` varchar(200) COLLATE utf8_unicode_ci NOT NULL,
  `district` text COLLATE utf8_unicode_ci NOT NULL,
  `code` text CHARACTER SET utf32 COLLATE utf32_unicode_ci NOT NULL,
  `email` text COLLATE utf8_unicode_ci NOT NULL,
  `tel` text COLLATE utf8_unicode_ci NOT NULL,
  `sex` text COLLATE utf8_unicode_ci NOT NULL,
  `picture` text COLLATE utf8_unicode_ci NOT NULL,
  PRIMARY KEY (`uid`),
  UNIQUE KEY `username` (`username`),
  KEY `uid` (`uid`)
) ENGINE=InnoDB  DEFAULT CHARSET=utf8 COLLATE=utf8_unicode_ci AUTO_INCREMENT=68 ;

--
-- Dumping data for table `user`
--

INSERT INTO `user` (`uid`, `username`, `password`, `name`, `address`, `district`, `code`, `email`, `tel`, `sex`, `picture`) VALUES
(1, 'Administrator', 'komkeaoooo', 'คมเคียว ตั้งประเสริฐ', '311 หอพักชายที่ 7 มหาวิทยาลัยขอนแก่น', 'ขอนแก่น', '40002', 'komkeao@gmail.com', '0940041210', 'male', 'image/profilePicture/Administrator.jpg'),
(65, 'komkeao', 'komkeaoooo', 'komkeao tangprasert', 'parkchong\r\nKoktoom', 'มุกดาหาร', '49140', 'kcsthai1995@gmail.com', '0940041210', 'male', 'image/profilePicture/komkeao.jpg'),
(67, 'kunanya', '123456789', 'fon', 'มหาวิทยาลัยขอนแก่น', 'ขอนแก่น', '40000', 'num-fon16@hotmail.com', '0902074428', 'female', 'image/profilePicture/kunanya.jpg');

/*!40101 SET CHARACTER_SET_CLIENT=@OLD_CHARACTER_SET_CLIENT */;
/*!40101 SET CHARACTER_SET_RESULTS=@OLD_CHARACTER_SET_RESULTS */;
/*!40101 SET COLLATION_CONNECTION=@OLD_COLLATION_CONNECTION */;
